StockCode,Description,Chinese_Description,Product_Category
85123A,WHITE HANGING HEART T-LIGHT HOLDER,白色悬挂心形茶烛台,家居装饰
71053,WHITE METAL LANTERN,白色金属灯笼,家居装饰
84406B,CREAM CUPID HEARTS COAT HANGER,奶油色丘比特爱心衣架,家居装饰
84029G,KNITTED UNION FLAG HOT WATER BOTTLE,针织英国国旗热水袋,生活用品
84029E,RED WOOLLY HOTTIE WHITE HEART.,红色羊毛暖宝宝白色爱心,生活用品
22752,SET 7 BABUSHKA NESTING BOXES,套裝7个俄罗斯套娃收纳盒,收纳用品
21730,GLASS STAR FROSTED T-LIGHT HOLDER,玻璃星星磨砂茶烛台,家居装饰
22633,HAND WARMER UNION JACK,英国国旗手暖器,生活用品
84879,ASSORTED COLOUR BIRD ORNAMENT,彩色小鸟装饰品,装饰品
22745,POPPY'S PLAYHOUSE BEDROOM,波比游戏屋卧室,家居装饰
22748,POPPY'S PLAYHOUSE KITCHEN,波比游戏屋厨房,厨房用品
22749,FELTCRAFT PRINCESS CHARLOTTE DOLL,手工艺夏洛特公主娃娃,装饰品
22310,IVORY KNITTED MUG COSY,象牙色针织杯套,厨房用品
84969,BOX OF 6 ASSORTED COLOUR TEASPOONS,盒装6支彩色茶匙,厨房用品
22623,BOX OF VINTAGE JIGSAW BLOCKS,复古拼图积木盒,其他
22622,BOX OF VINTAGE ALPHABET BLOCKS,复古字母积木盒,其他
21754,HOME BUILDING BLOCK WORD,家字建筑积木,装饰品
21755,LOVE BUILDING BLOCK WORD,爱字建筑积木,装饰品
21777,RECIPE BOX WITH METAL HEART,带金属爱心食谱盒,厨房用品
48187,DOORMAT NEW ENGLAND,新英格兰门垫,家居装饰
22960,JAM MAKING SET WITH JARS,果酱制作套装含罐子,厨房用品
22913,RED COAT RACK PARIS FASHION,红色巴黎时尚衣帽架,家居装饰
22912,YELLOW COAT RACK PARIS FASHION,黄色巴黎时尚衣帽架,家居装饰
22914,BLUE COAT RACK PARIS FASHION,蓝色巴黎时尚衣帽架,家居装饰
21756,BATH BUILDING BLOCK WORD,浴室建筑积木字,装饰品
22728,ALARM CLOCK BAKELIKE PINK,粉色胶木风格闹钟,生活用品
22727,ALARM CLOCK BAKELIKE RED,红色胶木风格闹钟,生活用品
22726,ALARM CLOCK BAKELIKE GREEN,绿色胶木风格闹钟,生活用品
21724,PANDA AND BUNNIES STICKER SHEET,熊猫和兔子贴纸 sheet,手工用品
21883,STARS GIFT TAPE,星星礼物胶带,派对用品
10002,INFLATABLE POLITICAL GLOBE,充气政治地球仪,装饰品
21791,VINTAGE HEADS AND TAILS CARD GAME,复古正反卡片游戏,其他
21035,SET/2 RED RETROSPOT TEA TOWELS,套裝2条红色波点茶巾,厨房用品
22326,ROUND SNACK BOXES SET OF4 WOODLAND,圆形零食盒套装4件森林主题,厨房用品
22629,SPACEBOY LUNCH BOX,太空男孩午餐盒,厨房用品
22659,LUNCH BOX I LOVE LONDON,我爱伦敦午餐盒,厨房用品
22631,CIRCUS PARADE LUNCH BOX,马戏团游行午餐盒,厨房用品
22661,CHARLOTTE BAG DOLLY GIRL DESIGN,夏洛特包娃娃女孩设计,购物袋
21731,RED TOADSTOOL LED NIGHT LIGHT,红色毒蕈LED夜灯,家居装饰
22900,SET 2 TEA TOWELS I LOVE LONDON,套裝2条我爱伦敦茶巾,厨房用品
21913,VINTAGE SEASIDE JIGSAW PUZZLES,复古海边拼图,其他
22540,MINI JIGSAW CIRCUS PARADE,迷你拼图马戏团游行,其他
22544,MINI JIGSAW SPACEBOY,迷你拼图太空男孩,其他
22492,MINI PAINT SET VINTAGE,迷你复古绘画套装,手工用品
22086,PAPER CHAIN KIT 50'S CHRISTMAS,纸链套装50年代圣诞,派对用品
20679,EDWARDIAN PARASOL RED,爱德华时代红色阳伞,生活用品
21871,SAVE THE PLANET MUG,拯救地球马克杯,厨房用品
21071,VINTAGE BILLBOARD DRINK ME MUG,复古广告牌喝我马克杯,厨房用品
21068,VINTAGE BILLBOARD LOVE/HATE MUG,复古广告牌爱/恨马克杯,厨房用品
82483,WOOD 2 DRAWER CABINET WHITE FINISH,白色木质两抽屉柜,收纳用品
82486,WOOD S/3 CABINET ANT WHITE FINISH,白色仿古木质三件套柜,收纳用品
82482,WOODEN PICTURE FRAME WHITE FINISH,白色木质相框,家居装饰
82494L,WOODEN FRAME ANTIQUE WHITE,仿古白色木框,家居装饰
21258,VICTORIAN SEWING BOX LARGE,维多利亚大型缝纫盒,收纳用品
22114,HOT WATER BOTTLE TEA AND SYMPATHY,茶与同情热水袋,生活用品
21733,RED HANGING HEART T-LIGHT HOLDER,红色悬挂心形茶烛台,家居装饰
85099C,JUMBO  BAG BAROQUE BLACK WHITE,巴洛克黑白大号袋,购物袋
21033,JUMBO BAG CHARLIE AND LOLA TOYS,查理和罗拉玩具大号袋,购物袋
20723,STRAWBERRY CHARLOTTE BAG,草莓夏洛特包,购物袋
84997B,RED 3 PIECE RETROSPOT CUTLERY SET,红色3件套波点餐具套装,厨房用品
21094,SET/6 RED SPOTTY PAPER PLATES,套裝6个红色波点纸盘,派对用品
20725,LUNCH BAG RED RETROSPOT,红色波点午餐袋,厨房用品
21559,STRAWBERRY LUNCH BOX WITH CUTLERY,草莓午餐盒含餐具,厨房用品
22352,LUNCH BOX WITH CUTLERY RETROSPOT,波点午餐盒含餐具,厨房用品
21212,PACK OF 72 RETROSPOT CAKE CASES,72个波点蛋糕纸杯套装,派对用品
21975,PACK OF 60 DINOSAUR CAKE CASES,60个恐龙蛋糕纸杯套装,派对用品
21977,PACK OF 60 PINK PAISLEY CAKE CASES,60个粉色佩斯利蛋糕纸杯套装,派对用品
84991,60 TEATIME FAIRY CAKE CASES,60个茶会仙女蛋糕纸杯,派对用品
84519A,TOMATO CHARLIE+LOLA COASTER SET,番茄查理+罗拉杯垫套装,厨房用品
85183B,CHARLIE & LOLA WASTEPAPER BIN FLORA,查理和罗拉芙洛拉废纸篓,收纳用品
85071B,RED CHARLIE+LOLA PERSONAL DOORSIGN,红色查理+罗拉个性化门牌,家居装饰
21931,JUMBO STORAGE BAG SUKI,苏基大号收纳袋,收纳用品
21929,JUMBO BAG PINK VINTAGE PAISLEY,粉色复古佩斯利大号袋,购物袋
22961,JAM MAKING SET PRINTED,印花果酱制作套装,厨房用品
22139,RETROSPOT TEA SET CERAMIC 11 PC,波点陶瓷茶具11件套,厨房用品
84854,GIRLY PINK TOOL SET,粉色女孩工具套装,其他
22411,JUMBO SHOPPER VINTAGE RED PAISLEY,复古红色佩斯利大号购物袋,购物袋
82567,"AIRLINE LOUNGE,METAL SIGN",航空公司休息室金属标志,装饰品
21672,WHITE SPOT RED CERAMIC DRAWER KNOB,白点红色陶瓷抽屉拉手,家居装饰
22774,RED DRAWER KNOB ACRYLIC EDWARDIAN,红色爱德华亚克力抽屉拉手,家居装饰
22771,CLEAR DRAWER KNOB ACRYLIC EDWARDIAN,透明爱德华亚克力抽屉拉手,家居装饰
71270,PHOTO CLIP LINE,照片夹线,家居装饰
22262,FELT EGG COSY CHICKEN,毛毡鸡蛋套小鸡,厨房用品
22637,PIGGY BANK RETROSPOT,波点小猪存钱罐,装饰品
21934,SKULL SHOULDER BAG,骷髅头单肩包,购物袋
21169,YOU'RE CONFUSING ME METAL SIGN,你把我搞糊涂了金属标志,装饰品
21166,COOK WITH WINE METAL SIGN,用酒烹饪金属标志,装饰品
21175,GIN + TONIC DIET METAL SIGN,金酒+汤力水饮食金属标志,装饰品
37444A,YELLOW BREAKFAST CUP AND SAUCER,黄色早餐杯和碟,厨房用品
37444C,PINK BREAKFAST CUP AND SAUCER,粉色早餐杯和碟,厨房用品
22083,PAPER CHAIN KIT RETROSPOT,波点纸链套装,派对用品
84971S,SMALL HEART FLOWERS HOOK,小爱心花朵挂钩,家居装饰
47580,TEA TIME DES TEA COSY,茶时光茶壶套,厨房用品
22261,FELT EGG COSY WHITE RABBIT,毛毡鸡蛋套白兔,厨房用品
84832,ZINC WILLIE WINKIE  CANDLE STICK,锌制威利温基烛台,家居装饰
22644,CERAMIC CHERRY CAKE MONEY BANK,陶瓷樱桃蛋糕存钱罐,装饰品
21533,RETROSPOT LARGE MILK JUG,波点大牛奶壶,厨房用品
21557,SET OF 6 FUNKY BEAKERS,套裝6个时髦酒杯,厨房用品
15056BL,EDWARDIAN PARASOL BLACK,爱德华时代黑色阳伞,生活用品
15056N,EDWARDIAN PARASOL NATURAL,爱德华时代自然色阳伞,生活用品
22646,CERAMIC STRAWBERRY CAKE MONEY BANK,陶瓷草莓蛋糕存钱罐,家居装饰
22176,BLUE OWL SOFT TOY,蓝色猫头鹰毛绒玩具,家居装饰
22438,BALLOON ART MAKE YOUR OWN FLOWERS,气球艺术自制花朵,手工用品
22778,GLASS CLOCHE SMALL,小型玻璃钟罩,家居装饰
22719,GUMBALL MONOCHROME COAT RACK,单色口香糖球衣帽架,家居装饰
21523,DOORMAT FANCY FONT HOME SWEET HOME,花式字体门垫 甜蜜之家,家居装饰
21912,VINTAGE SNAKES & LADDERS,复古蛇梯棋,生活用品
21832,CHOCOLATE CALCULATOR,巧克力计算器,生活用品
22379,RECYCLING BAG RETROSPOT,复古斑点回收袋,购物袋
22798,ANTIQUE GLASS DRESSING TABLE POT,古董玻璃梳妆台罐,家居装饰
22926,IVORY GIANT GARDEN THERMOMETER,象牙色巨型花园温度计,花园用品
22839,3 TIER CAKE TIN GREEN AND CREAM,三层蛋糕罐 绿色和奶油色,厨房用品
22838,3 TIER CAKE TIN RED AND CREAM,三层蛋糕罐 红色和奶油色,厨房用品
22783,SET 3 WICKER OVAL BASKETS W LIDS,套装3个带盖柳编椭圆篮子,收纳用品
35004C,SET OF 3 COLOURED  FLYING DUCKS,套装3只彩色飞行鸭,家居装饰
82484,WOOD BLACK BOARD ANT WHITE FINISH,木质黑板 古董白色饰面,家居装饰
84755,COLOUR GLASS T-LIGHT HOLDER HANGING,彩色玻璃挂式茶烛台,家居装饰
22464,HANGING METAL HEART LANTERN,悬挂金属心形灯笼,家居装饰
21324,HANGING MEDINA LANTERN SMALL,小型麦地那悬挂灯笼,家居装饰
22457,NATURAL SLATE HEART CHALKBOARD,天然石板心形黑板,家居装饰
22469,HEART OF WICKER SMALL,小号柳编心形装饰,家居装饰
22470,HEART OF WICKER LARGE,大号柳编心形装饰,家居装饰
22224,WHITE LOVEBIRD LANTERN,白色爱情鸟灯笼,家居装饰
21340,CLASSIC METAL BIRDCAGE PLANT HOLDER,经典金属鸟笼植物架,家居装饰
22189,CREAM HEART CARD HOLDER,奶油色心形卡片夹,家居装饰
22427,ENAMEL FLOWER JUG CREAM,搪瓷花卉奶壶,厨房用品
22428,ENAMEL FIRE BUCKET CREAM,搪瓷奶油色消防桶,家居装饰
22424,ENAMEL BREAD BIN CREAM,搪瓷奶油色面包箱,厨房用品
22663,JUMBO BAG DOLLY GIRL DESIGN,娃娃女孩设计大号袋,购物袋
85049A,TRADITIONAL CHRISTMAS RIBBONS,传统圣诞丝带,派对用品
22168,ORGANISER WOOD ANTIQUE WHITE,古董白色木质收纳盒,收纳用品
22662,LUNCH BAG DOLLY GIRL DESIGN,娃娃女孩设计午餐袋,生活用品
84880,WHITE WIRE EGG HOLDER,白色金属鸡蛋架,厨房用品
85099B,JUMBO BAG RED RETROSPOT,红色复古斑点大号袋,购物袋
79321,CHILLI LIGHTS,辣椒灯串,家居装饰
22780,LIGHT GARLAND BUTTERFILES PINK,粉色蝴蝶灯串,家居装饰
22779,WOODEN OWLS LIGHT GARLAND,木质猫头鹰灯串,家居装饰
22466,FAIRY TALE COTTAGE NIGHTLIGHT,童话小屋夜灯,家居装饰
21363,HOME SMALL WOOD LETTERS,家用小号木质字母,家居装饰
21411,GINGHAM HEART  DOORSTOP RED,红色方格心形门挡,家居装饰
22318,FIVE HEART HANGING DECORATION,五心悬挂装饰,家居装饰
22915,ASSORTED BOTTLE TOP  MAGNETS,瓶盖磁铁套装,家居装饰
22922,FRIDGE MAGNETS US DINER ASSORTED,美式餐厅冰箱贴套装,家居装饰
22969,HOMEMADE JAM SCENTED CANDLES,自制果酱香氛蜡烛,家居装饰
22923,FRIDGE MAGNETS LES ENFANTS ASSORTED,儿童主题冰箱贴套装,家居装饰
21115,ROSE CARAVAN DOORSTOP,玫瑰大篷车门挡,家居装饰
22242,5 HOOK HANGER MAGIC TOADSTOOL,5钩蘑菇造型挂架,家居装饰
22941,CHRISTMAS LIGHTS 10 REINDEER,圣诞灯串 10只驯鹿,派对用品
21622,VINTAGE UNION JACK CUSHION COVER,复古英国国旗靠垫套,家居装饰
35004G,SET OF 3 GOLD FLYING DUCKS,套装3只金色飞行鸭,家居装饰
85014B,RED RETROSPOT UMBRELLA,红色复古斑点雨伞,生活用品
22193,RED DINER WALL CLOCK,红色餐厅挂钟,家居装饰
22192,BLUE DINER WALL CLOCK,蓝色餐厅挂钟,家居装饰
22191,IVORY DINER WALL CLOCK,象牙色餐厅挂钟,家居装饰
22195,LARGE HEART MEASURING SPOONS,大号心形量勺,厨房用品
22196,SMALL HEART MEASURING SPOONS,小号心形量勺,厨房用品
22962,JAM JAR WITH PINK LID,粉色盖子果酱罐,厨房用品
22963,JAM JAR WITH GREEN LID,绿色盖子果酱罐,厨房用品
22968,ROSE COTTAGE KEEPSAKE BOX,玫瑰小屋纪念盒,收纳用品
84970S,HANGING HEART ZINC T-LIGHT HOLDER,悬挂心形锌制茶烛台,家居装饰
22910,PAPER CHAIN KIT VINTAGE CHRISTMAS,复古圣诞纸链套装,派对用品
22197,SMALL POPCORN HOLDER,小号爆米花桶,派对用品
22198,LARGE POPCORN HOLDER,大号爆米花桶,派对用品
21080,SET/20 RED RETROSPOT PAPER NAPKINS,套装20张红色复古斑点纸巾,派对用品
21086,SET/6 RED SPOTTY PAPER CUPS,套装6个红色波点纸杯,派对用品
22654,DELUXE SEWING KIT,豪华缝纫工具包,手工用品
21485,RETROSPOT HEART HOT WATER BOTTLE,复古斑点心形热水袋,生活用品
84030E,ENGLISH ROSE HOT WATER BOTTLE,英伦玫瑰热水袋,生活用品
22174,PHOTO CUBE,照片立方体,家居装饰
22556,PLASTERS IN TIN CIRCUS PARADE,马戏团主题创可贴铁盒,生活用品
21984,PACK OF 12 PINK PAISLEY TISSUES,12包粉色佩斯利纸巾,生活用品
21983,PACK OF 12 BLUE PAISLEY TISSUES,12包蓝色佩斯利纸巾,生活用品
21980,PACK OF 12 RED RETROSPOT TISSUES,12包红色复古斑点纸巾,生活用品
21484,CHICK GREY HOT WATER BOTTLE,灰色小鸡热水袋,生活用品
22557,PLASTERS IN TIN VINTAGE PAISLEY,复古佩斯利创可贴铁盒,生活用品
22553,PLASTERS IN TIN SKULLS,骷髅头创可贴铁盒,生活用品
22150,3 STRIPEY MICE FELTCRAFT,3只条纹老鼠毛毡手工,手工用品
22619,SET OF 6 SOLDIER SKITTLES,套装6个士兵造型保龄球,生活用品
21891,TRADITIONAL WOODEN SKIPPING ROPE,传统木质跳绳,生活用品
21889,WOODEN BOX OF DOMINOES,木质多米诺骨牌盒,生活用品
22827,RUSTIC  SEVENTEEN DRAWER SIDEBOARD,rustic十七抽屉边柜,收纳用品
22127,PARTY CONES CARNIVAL ASSORTED,嘉年华派对锥形筒,派对用品
22128,PARTY CONES CANDY ASSORTED,糖果派对锥形筒,派对用品
22502,PICNIC BASKET WICKER SMALL,小号柳编野餐篮,生活用品
22338,STAR DECORATION PAINTED ZINC,锌制星星装饰,家居装饰
22180,RETROSPOT LAMP,复古斑点台灯,家居装饰
21506,"FANCY FONT BIRTHDAY CARD,",花式字体生日贺卡,派对用品
22866,HAND WARMER SCOTTY DOG DESIGN,苏格兰犬设计暖手宝,生活用品
22865,HAND WARMER OWL DESIGN,猫头鹰设计暖手宝,生活用品
22632,HAND WARMER RED RETROSPOT,红色复古斑点暖手宝,生活用品
22349,DOG BOWL CHASING BALL DESIGN,追球设计狗碗,宠物用品
22558,CLOTHES PEGS RETROSPOT PACK 24,复古斑点衣夹 24只装,生活用品
85152,HAND OVER THE CHOCOLATE   SIGN,交出巧克力标志牌,家居装饰
22652,TRAVEL SEWING KIT,旅行缝纫工具包,手工用品
22188,BLACK HEART CARD HOLDER,黑色心形卡片夹,家居装饰
21314,SMALL GLASS HEART TRINKET POT,小号玻璃心形饰品盒,收纳用品
22730,ALARM CLOCK BAKELIKE IVORY,象牙色胶木闹钟,生活用品
22729,ALARM CLOCK BAKELIKE ORANGE,橙色胶木闹钟,生活用品
22867,HAND WARMER BIRD DESIGN,小鸟设计暖手宝,生活用品
22803,IVORY EMBROIDERED QUILT,象牙色刺绣被子,家居装饰
35004B,SET OF 3 BLACK FLYING DUCKS,3只黑色飞鸭套装,家居装饰
21844,RED RETROSPOT MUG,红色波点马克杯,厨房用品
22468,BABUSHKA LIGHTS STRING OF 10,套娃彩灯串10个装,装饰品
48185,DOORMAT FAIRY CAKE,仙女蛋糕门垫,家居装饰
21232,STRAWBERRY CERAMIC TRINKET BOX,草莓陶瓷首饰盒,收纳用品
22064,PINK DOUGHNUT TRINKET POT,粉色甜甜圈小饰品罐,收纳用品
22449,SILK PURSE BABUSHKA PINK,粉色套娃丝绸钱包,生活用品
22835,HOT WATER BOTTLE I AM SO POORLY,热水袋-我生病了,生活用品
22112,CHOCOLATE HOT WATER BOTTLE,巧克力热水袋,生活用品
21479,WHITE SKULL HOT WATER BOTTLE,白色骷髅热水袋,生活用品
22111,SCOTTIE DOG HOT WATER BOTTLE,苏格兰狗热水袋,生活用品
22110,BIRD HOUSE HOT WATER BOTTLE,鸟屋热水袋,生活用品
22098,BOUDOIR SQUARE TISSUE BOX,闺房方形纸巾盒,家居装饰
22100,SKULLS SQUARE TISSUE BOX,骷髅方形纸巾盒,家居装饰
22766,PHOTO FRAME CORNICE,檐口相框,家居装饰
22451,SILK PURSE BABUSHKA RED,红色套娃丝绸钱包,生活用品
22549,PICTURE DOMINOES,多米诺骨牌图画,装饰品
84744,S/6 SEW ON CROCHET FLOWERS,6个缝制钩花花朵,手工用品
85049E,SCANDINAVIAN REDS RIBBONS,斯堪的纳维亚红色丝带,手工用品
21328,BALLOONS  WRITING SET,气球文具套装,生活用品
17091A,LAVENDER INCENSE IN TIN,薰衣草线香铁盒装,家居装饰
22473,TV DINNER TRAY VINTAGE PAISLEY,复古佩斯利花纹电视晚餐托盘,厨房用品
84509A,SET OF 4 ENGLISH ROSE PLACEMATS,4个英伦玫瑰餐垫套装,厨房用品
84510A,SET OF 4 ENGLISH ROSE COASTERS,4个英伦玫瑰杯垫套装,厨房用品
22767,TRIPLE PHOTO FRAME CORNICE,三重檐口相框,家居装饰
22768,FAMILY PHOTO FRAME CORNICE,家庭照片檐口相框,家居装饰
20820,SILVER LOOKING MIRROR,银色镜子,家居装饰
85150,LADIES & GENTLEMEN METAL SIGN,女士与绅士金属标牌,装饰品
22117,METAL SIGN HER DINNER IS SERVED,她的晚餐已备好金属标牌,装饰品
48129,DOORMAT TOPIARY,修剪植物门垫,家居装饰
82580,BATHROOM METAL SIGN,浴室金属标牌,装饰品
82578,KITCHEN METAL SIGN,厨房金属标牌,装饰品
82581,TOILET METAL SIGN,卫生间金属标牌,装饰品
22413,METAL SIGN TAKE IT OR LEAVE IT,接受或放弃金属标牌,装饰品
21907,I'M ON HOLIDAY METAL SIGN,我在度假金属标牌,装饰品
22441,GROW YOUR OWN BASIL IN ENAMEL MUG,搪瓷杯自种罗勒套装,厨房用品
22851,SET 20 NAPKINS FAIRY CAKES DESIGN,20张仙女蛋糕图案餐巾纸套装,派对用品
22810,SET OF 6 T-LIGHTS SNOWMEN,6个雪人小烛灯套装,装饰品
22809,SET OF 6 T-LIGHTS SANTA,6个圣诞老人小烛灯套装,装饰品
22435,SET OF 9 HEART SHAPED BALLOONS,9个心形气球套装,派对用品
20966,SANDWICH BATH SPONGE,三明治沐浴海绵,生活用品
20963,APPLE BATH SPONGE,苹果沐浴海绵,生活用品
20961,STRAWBERRY BATH SPONGE,草莓沐浴海绵,生活用品
22068,BLACK PIRATE TREASURE CHEST,黑色海盗宝藏箱,收纳用品
21743,STAR PORTABLE TABLE LIGHT,星星便携台灯,家居装饰
21744,SNOWFLAKE PORTABLE TABLE LIGHT,雪花便携台灯,家居装饰
84709B,PINK OVAL JEWELLED MIRROR,粉色椭圆形镶珠镜子,家居装饰
21592,RETROSPOT CIGAR BOX MATCHES,复古波点火柴盒,生活用品
21587,COSY HOUR GIANT TUBE MATCHES,温馨时刻巨型管装火柴,生活用品
20992,JAZZ HEARTS PURSE NOTEBOOK,爵士爱心钱包笔记本,生活用品
22804,CANDLEHOLDER PINK HANGING HEART,粉色悬挂爱心烛台,装饰品
20749,ASSORTED COLOUR MINI CASES,彩色迷你收纳盒套装,收纳用品
22382,LUNCH BAG SPACEBOY DESIGN,太空男孩午餐袋,购物袋
20726,LUNCH BAG WOODLAND,林地午餐袋,购物袋
22467,GUMBALL COAT RACK,糖果球衣帽架,家居装饰
84625C,BLUE NEW BAROQUE CANDLESTICK CANDLE,蓝色新巴洛克烛台蜡烛,装饰品
84625A,PINK NEW BAROQUECANDLESTICK CANDLE,粉色新巴洛克烛台蜡烛,装饰品
21108,FAIRY CAKE FLANNEL ASSORTED COLOUR,仙女蛋糕法兰绒布多色装,生活用品
22848,BREAD BIN DINER STYLE PINK,粉色餐厅风格面包箱,厨房用品
47570B,TEA TIME TABLE CLOTH,茶时光桌布,厨房用品
22837,HOT WATER BOTTLE BABUSHKA,套娃热水袋,生活用品
22297,HEART IVORY TRELLIS SMALL,象牙色心形格架小号,装饰品
22772,PINK DRAWER KNOB ACRYLIC EDWARDIAN,粉色爱德华亚克力抽屉拉手,家居装饰
22773,GREEN DRAWER KNOB ACRYLIC EDWARDIAN,绿色爱德华亚克力抽屉拉手,家居装饰
22805,BLUE DRAWER KNOB ACRYLIC EDWARDIAN,蓝色爱德华亚克力抽屉拉手,家居装饰
21125,SET 6 FOOTBALL CELEBRATION CANDLES,6个足球庆祝蜡烛套装,派对用品
21126,SET OF 6 GIRLS CELEBRATION CANDLES,6个女孩庆祝蜡烛套装,派对用品
85049C,ROMANTIC PINKS RIBBONS,浪漫粉色丝带,手工用品
85049D,BRIGHT BLUES RIBBONS,明亮蓝色丝带,手工用品
85049G,CHOCOLATE BOX RIBBONS,巧克力盒丝带,手工用品
21061,PARTY INVITES FOOTBALL,足球派对邀请函,派对用品
21063,PARTY INVITES JAZZ HEARTS,爵士爱心派对邀请函,派对用品
21062,PARTY INVITES SPACEMAN,太空人派对邀请函,派对用品
84380,SET OF 3 BUTTERFLY COOKIE CUTTERS,3个蝴蝶饼干模具套装,厨房用品
84378,SET OF 3 HEART COOKIE CUTTERS,3个心形饼干模具套装,厨房用品
22964,3 PIECE SPACEBOY COOKIE CUTTER SET,3件套太空男孩饼干模具,厨房用品
21213,PACK OF 72 SKULL CAKE CASES,72个骷髅蛋糕纸杯套装,派对用品
22417,PACK OF 60 SPACEBOY CAKE CASES,60个太空男孩蛋糕纸杯套装,派对用品
84992,72 SWEETHEART FAIRY CAKE CASES,72个甜心仙女蛋糕纸杯,派对用品
22383,LUNCH BAG SUKI  DESIGN,Suki图案午餐袋,购物袋
20728,LUNCH BAG CARS BLUE,蓝色汽车午餐袋,购物袋
20727,LUNCH BAG  BLACK SKULL.,黑色骷髅午餐袋,购物袋
22296,HEART IVORY TRELLIS LARGE,象牙色心形格架大号,装饰品
20914,SET/5 RED RETROSPOT LID GLASS BOWLS,5件套红色波点玻璃碗带盖,厨房用品
22537,MAGIC DRAWING SLATE DINOSAUR,恐龙魔法画板,其他
22533,MAGIC DRAWING SLATE BAKE A CAKE,烘焙蛋糕魔法画板,其他
20982,12 PENCILS TALL TUBE SKULLS,12支骷髅图案高筒铅笔,生活用品
21915,RED  HARMONICA IN BOX,红色口琴盒装,其他
21914,BLUE HARMONICA IN BOX,蓝色口琴盒装,其他
21544,SKULLS  WATER TRANSFER TATTOOS,骷髅水转印纹身贴,其他
22813,PACK 3 BOXES BIRD PANNETONE,3盒装鸟类潘妮托尼,其他
84375,SET OF 20 KIDS COOKIE CUTTERS,20个儿童饼干模具套装,厨房用品
22418,10 COLOUR SPACEBOY PEN,10色太空男孩笔,生活用品
22178,VICTORIAN GLASS HANGING T-LIGHT,维多利亚风格玻璃悬挂小烛灯,装饰品
84970L,SINGLE HEART ZINC T-LIGHT HOLDER,单心形锌合金小烛台,装饰品
22465,HANGING METAL STAR LANTERN,悬挂金属星星灯笼,装饰品
84949,SILVER HANGING T-LIGHT HOLDER,银色悬挂小烛台,装饰品
20685,DOORMAT RED RETROSPOT,红色波点门垫,家居装饰
48194,DOORMAT HEARTS,爱心门垫,家居装饰
22488,NATURAL SLATE RECTANGLE CHALKBOARD,天然石板长方形黑板,家居装饰
22716,CARD CIRCUS PARADE,白色爱情鸟挂饰,装饰品
22706,WRAP COWBOYS,搞笑表情混合钢笔,生活用品
22371,AIRLINE BAG VINTAGE TOKYO 78,马戏团游行贺卡,派对用品
21210,SET OF 72 RETROSPOT PAPER DOILIES,牛仔包装纸,派对用品
16237,SLEEPING CAT ERASERS,复古东京78航空包,收纳用品
22714,CARD BIRTHDAY COWBOY,72张复古波点纸垫套装,派对用品
22812,PACK 3 BOXES CHRISTMAS PANNETONE,睡猫橡皮擦,生活用品
84347,ROTATING SILVER ANGELS T-LIGHT HLDR,牛仔生日贺卡,派对用品
22736,RIBBON REEL MAKING SNOWMEN,3盒装圣诞潘妮托内礼盒,厨房用品
22620,4 TRADITIONAL SPINNING TOPS,旋转银色天使烛台,家居装饰
21705,BAG 500g SWIRLY MARBLES,雪人制作丝带卷,手工用品
90199C,5 STRAND GLASS NECKLACE CRYSTAL,4个传统陀螺,其他
22785,SQUARECUSHION COVER PINK UNION FLAG,500克漩涡弹珠袋装,其他
22975,SPACEBOY CHILDRENS EGG CUP,5串水晶玻璃项链,装饰品
22972,CHILDREN'S SPACEBOY MUG,粉色米字旗方形抱枕套,家居装饰
22568,FELTCRAFT CUSHION OWL,太空男孩儿童蛋杯,厨房用品
85116,BLACK CANDELABRA T-LIGHT HOLDER,儿童太空男孩马克杯,厨房用品
22664,TOY TIDY DOLLY GIRL DESIGN,毛毡猫头鹰抱枕,家居装饰
21609,SET 12 LAVENDER BOTANICAL T-LIGHTS,黑色枝形烛台,家居装饰
21866,UNION JACK FLAG LUGGAGE TAG,娃娃女孩设计玩具收纳盒,收纳用品
20669,RED HEART LUGGAGE TAG,12支薰衣草植物香薰蜡烛套装,家居装饰
90129F,RED GLASS TASSLE BAG CHARM,米字旗行李牌,生活用品
90210B,CLEAR ACRYLIC FACETED BANGLE,红色心形行李牌,生活用品
21955,DOORMAT UNION JACK GUNS AND ROSES,红色玻璃流苏包饰,装饰品
72802C,VANILLA SCENT CANDLE JEWELLED BOX,透明亚克力多面手镯,装饰品
22109,FULL ENGLISH BREAKFAST PLATE,米字旗枪炮与玫瑰门垫,家居装饰
22531,MAGIC DRAWING SLATE CIRCUS PARADE,镶宝石香草香薰蜡烛盒,家居装饰
21811,CHRISTMAS HANGING HEART WITH BELL,英式早餐餐盘,厨房用品
22183,CAKE STAND VICTORIAN FILIGREE MED,马戏团游行魔法画板,其他
21678,PAISLEY PATTERN STICKERS,圣诞挂心铃铛装饰,装饰品
21676,FLOWERS STICKERS,维多利亚雕花中号蛋糕架,厨房用品
85169B,BLACK LOVE BIRD CANDLE,佩斯利图案贴纸,手工用品
16238,PARTY TIME PENCIL ERASERS,花朵贴纸,手工用品
84906,PINK B'FLY C/COVER W BOBBLES,黑色爱情鸟蜡烛,家居装饰
21867,PINK UNION JACK LUGGAGE TAG,派对时光铅笔橡皮擦,生活用品
22075,6 RIBBONS ELEGANT CHRISTMAS,粉色波点蝴蝶抱枕套,家居装饰
21326,AGED GLASS SILVER T-LIGHT HOLDER,粉色米字旗行李牌,生活用品
21065,BOOM BOX SPEAKER GIRLS,6卷优雅圣诞丝带,手工用品
22074,6 RIBBONS SHIMMERING PINKS,做旧玻璃银色烛台,家居装饰
20713,JUMBO BAG OWLS,女孩音箱手提箱,其他
21116,OWL DOORSTOP,6卷闪亮粉色丝带,手工用品
21824,PAINTED METAL STAR WITH HOLLY BELLS,猫头鹰大号购物袋,购物袋
21823,PAINTED METAL HEART WITH HOLLY BELL,猫头鹰门挡,家居装饰
22153,ANGEL DECORATION STARS ON DRESS,彩绘金属冬青铃铛星星,装饰品
85099F,JUMBO BAG STRAWBERRY,彩绘金属冬青铃铛心形,装饰品
20717,STRAWBERRY SHOPPER BAG,星星裙天使装饰,装饰品
22328,ROUND SNACK BOXES SET OF 4 FRUITS,草莓大号购物袋,购物袋
22327,ROUND SNACK BOXES SET OF 4 SKULLS,草莓购物袋,购物袋
22630,DOLLY GIRL LUNCH BOX,4个装圆形水果零食盒套装,厨房用品
21242,RED RETROSPOT PLATE,4个装圆形骷髅零食盒套装,厨房用品
22273,FELTCRAFT DOLL MOLLY,娃娃女孩午餐盒,厨房用品
22940,FELTCRAFT CHRISTMAS FAIRY,红色复古波点盘子,厨房用品
22759,SET OF 3 NOTEBOOKS IN PARCEL,毛毡莫莉娃娃,其他
21880,RED RETROSPOT TAPE,毛毡圣诞仙女,装饰品
21738,COSY SLIPPER SHOES SMALL RED,红色复古波点胶带,手工用品
22077,6 RIBBONS RUSTIC CHARM,红色舒适拖鞋小号,生活用品
21448,12 DAISY PEGS IN WOOD BOX,6卷乡村风情丝带,手工用品
22243,5 HOOK HANGER RED MAGIC TOADSTOOL,12个木质雏菊衣夹盒,生活用品
22141,CHRISTMAS CRAFT TREE TOP ANGEL,红色魔法蘑菇5钩挂架,收纳用品
22144,CHRISTMAS CRAFT LITTLE FRIENDS,圣诞手工树顶天使,装饰品
21739,COSY SLIPPER SHOES SMALL GREEN,圣诞手工小伙伴,手工用品
22271,FELTCRAFT DOLL ROSIE,绿色舒适拖鞋小号,生活用品
22274,FELTCRAFT DOLL EMILY,毛毡罗西娃娃,其他
22751,FELTCRAFT PRINCESS OLIVIA DOLL,毛毡艾米丽娃娃,其他
21034,REX CASH+CARRY JUMBO SHOPPER,毛毡奥利维亚公主娃娃,其他
22570,FELTCRAFT CUSHION RABBIT,雷克斯现金自提大号购物袋,购物袋
22569,FELTCRAFT CUSHION BUTTERFLY,毛毡兔子抱枕,家居装饰
22902,TOTE BAG I LOVE LONDON,毛毡蝴蝶抱枕,家居装饰
22179,SET 10 LIGHTS NIGHT OWL,我爱伦敦托特包,购物袋
85184C,S/4 VALENTINE DECOUPAGE HEART BOX,10个夜猫子灯串套装,家居装饰
22988,SOLDIERS EGG CUP,4个情人节剪影心形礼盒套装,派对用品
20750,RED RETROSPOT MINI CASES,士兵蛋杯,厨房用品
22952,60 CAKE CASES VINTAGE CHRISTMAS,红色复古波点迷你收纳盒,收纳用品
22739,RIBBON REEL CHRISTMAS SOCK BAUBLE,60个复古圣诞蛋糕纸杯,派对用品
22738,RIBBON REEL SNOWY VILLAGE,圣诞袜子装饰丝带卷,手工用品
22909,SET OF 20 VINTAGE CHRISTMAS NAPKINS,雪村丝带卷,手工用品
35591T,TURQUOISE CHRISTMAS TREE,20张复古圣诞餐巾纸套装,派对用品
22186,RED STAR CARD HOLDER,绿松石圣诞树,装饰品
22695,WICKER WREATH SMALL,红色星星卡片夹,家居装饰
22580,ADVENT CALENDAR GINGHAM SACK,小号柳条花环,装饰品
22147,FELTCRAFT BUTTERFLY HEARTS,格子布圣诞降临日历,派对用品
22130,PARTY CONE CHRISTMAS DECORATION,毛毡蝴蝶心形装饰,装饰品
22694,WICKER STAR,圣诞派对锥形装饰,装饰品
21790,VINTAGE SNAP CARDS,柳条星星,装饰品
22149,FELTCRAFT 6 FLOWER FRIENDS,复古 snap 卡片,其他
22321,BIRD DECORATION RED RETROSPOT,毛毡6个花友,手工用品
22594,CHRISTMAS GINGHAM TREE,红色复古波点小鸟装饰,装饰品
22593,CHRISTMAS GINGHAM STAR,圣诞格子布树,装饰品
22595,CHRISTMAS GINGHAM HEART,圣诞格子布星星,装饰品
22750,FELTCRAFT PRINCESS LOLA DOLL,圣诞格子布心形,装饰品
22616,PACK OF 12 LONDON TISSUES,毛毡萝拉公主娃娃,其他
22775,PURPLE DRAWERKNOB ACRYLIC EDWARDIAN,12包伦敦纸巾,生活用品
22899,CHILDREN'S APRON DOLLY GIRL,紫色爱德华亚克力抽屉 knob,家居装饰
22367,CHILDRENS APRON SPACEBOY DESIGN,娃娃女孩儿童围裙,生活用品
22942,CHRISTMAS LIGHTS 10 SANTAS,太空男孩儿童围裙,生活用品
21976,PACK OF 60 MUSHROOM CAKE CASES,10个圣诞老人灯串,家居装饰
22951,60 CAKE CASES DOLLY GIRL DESIGN,60个蘑菇蛋糕纸杯,派对用品
22834,HAND WARMER BABUSHKA DESIGN,60个娃娃女孩蛋糕纸杯,派对用品
21916,SET 12 RETRO WHITE CHALK STICKS,12支复古白色粉笔套装,手工用品
22587,FELTCRAFT HAIRBAND RED AND BLUE,红蓝毛毡发带,生活用品
22566,FELTCRAFT HAIRBAND PINK AND PURPLE,粉紫毛毡发带,生活用品
22565,FELTCRAFT HAIRBANDS PINK AND WHITE,粉白毛毡发带,生活用品
22472,TV DINNER TRAY DOLLY GIRL,电视晚餐托盘洋娃娃女孩,厨房用品
22551,PLASTERS IN TIN SPACEBOY,太空男孩铁盒创可贴,生活用品
22554,PLASTERS IN TIN WOODLAND ANIMALS,林地动物铁盒创可贴,生活用品
22534,MAGIC DRAWING SLATE SPACEBOY,太空男孩魔法画板,手工用品
22529,MAGIC DRAWING SLATE GO TO THE FAIR,去集市魔法画板,手工用品
22530,MAGIC DRAWING SLATE DOLLY GIRL,洋娃娃女孩魔法画板,手工用品
84032B,CHARLIE + LOLA RED HOT WATER BOTTLE,查理和萝拉红色热水袋,生活用品
85049H,URBAN BLACK RIBBONS,都市黑色丝带,装饰品
22807,SET OF 6 T-LIGHTS TOADSTOOLS,6个蘑菇造型小烛灯套装,家居装饰
21494,ROTATING LEAVES T-LIGHT HOLDER,旋转树叶烛台,家居装饰
22938,CUPCAKE LACE PAPER SET 6,6个 cupcake 蕾丝纸托套装,派对用品
21892,TRADITIONAL WOODEN CATCH CUP GAME,传统木制接球杯游戏,其他
21890,S/6 WOODEN SKITTLES IN COTTON BAG,6个木制保龄球棉布袋装,其他
21718,RED METAL BEACH SPADE,红色金属沙滩铲,生活用品
21716,BOYS VINTAGE TIN SEASIDE BUCKET,男孩复古铁皮海边桶,生活用品
21715,GIRLS VINTAGE TIN SEASIDE BUCKET,女孩复古铁皮海边桶,生活用品
22113,GREY HEART HOT WATER BOTTLE,灰色心形热水袋,生活用品
22358,KINGS CHOICE TEA CADDY,国王之选茶叶罐,厨房用品
22357,KINGS CHOICE BISCUIT TIN,国王之选饼干罐,厨房用品
22115,METAL SIGN EMPIRE TEA,帝国茶金属标志牌,家居装饰
21481,FAWN BLUE HOT WATER BOTTLE,浅蓝色热水袋,生活用品
22585,PACK OF 6 BIRDY GIFT TAGS,6个小鸟礼品标签套装,派对用品
21556,CERAMIC STRAWBERRY MONEY BOX,陶瓷草莓存钱罐,收纳用品
22645,CERAMIC HEART FAIRY CAKE MONEY BANK,陶瓷心形仙女蛋糕存钱罐,收纳用品
22650,CERAMIC PIRATE CHEST MONEY BANK,陶瓷海盗宝箱存钱罐,收纳用品
22508,DOORSTOP RETROSPOT HEART,复古圆点心形门挡,家居装饰
22511,RETROSPOT BABUSHKA DOORSTOP,复古圆点套娃门挡,家居装饰
22829,SWEETHEART WIRE WALL TIDY,甜心铁丝壁挂收纳筒,收纳用品
21154,RED RETROSPOT OVEN GLOVE,红色复古圆点烤箱手套,厨房用品
17021,NAMASTE SWAGAT INCENSE,纳玛斯特香,家居装饰
22059,CERAMIC STRAWBERRY DESIGN MUG,陶瓷草莓设计马克杯,厨房用品
84678,CLASSICAL ROSE SMALL VASE,古典玫瑰小花瓶,家居装饰
85172,HYACINTH BULB T-LIGHT CANDLES,风信子球茎小烛灯,家居装饰
22142,CHRISTMAS CRAFT WHITE FAIRY,圣诞手工白色仙女,装饰品
21591,COSY HOUR CIGAR BOX MATCHES,舒适时光雪茄盒火柴,生活用品
22480,RED TEA TOWEL CLASSIC DESIGN,红色经典设计茶巾,厨房用品
22294,HEART FILIGREE DOVE  SMALL,心形镂空鸽子小号,装饰品
21156,RETROSPOT CHILDRENS APRON,复古圆点儿童围裙,生活用品
10133,COLOURING PENCILS BROWN TUBE,棕色管装彩色铅笔,手工用品
72800E,4 IVORY DINNER CANDLES SILVER FLOCK,4支银色绒面象牙白晚餐蜡烛,家居装饰
84836,ZINC METAL HEART DECORATION,锌金属心形装饰,装饰品
20774,GREEN FERN NOTEBOOK,绿色蕨类笔记本,生活用品
20773,BLUE PAISLEY NOTEBOOK,蓝色佩斯利笔记本,生活用品
20777,CHRYSANTHEMUM NOTEBOOK,菊花笔记本,生活用品
16016,LARGE CHINESE STYLE SCISSOR,大号中式剪刀,手工用品
16014,SMALL CHINESE STYLE SCISSOR,小号中式剪刀,手工用品
21651,HANGING GLASS ETCHED TEALIGHT,悬挂式玻璃蚀刻小烛灯,家居装饰
22618,COOKING SET RETROSPOT,复古圆点烹饪套装,厨房用品
21586,KINGS CHOICE GIANT TUBE MATCHES,国王之选巨型管装火柴,生活用品
22152,PLACE SETTING WHITE STAR,白色星星餐具摆放,厨房用品
84754,S/15 SILVER GLASS BAUBLES IN BAG,15个银色玻璃彩球袋装,装饰品
22670,FRENCH WC SIGN BLUE METAL,蓝色金属法式卫生间标志,家居装饰
84849B,FAIRY SOAP SOAP HOLDER,仙女皂皂盒,生活用品
22927,GREEN GIANT GARDEN THERMOMETER,绿色巨型花园温度计,家居装饰
22925,BLUE GIANT GARDEN THERMOMETER,蓝色巨型花园温度计,家居装饰
21259,VICTORIAN SEWING BOX SMALL,小号维多利亚缝纫盒,收纳用品
21257,VICTORIAN SEWING BOX MEDIUM,中号维多利亚缝纫盒,收纳用品
82552,WASHROOM METAL SIGN,洗手间金属标志,家居装饰
90200B,BLACK SWEETHEART BRACELET,黑色甜心手链,生活用品
90059B,DIAMANTE HAIR GRIP PACK/2 BLACK DIA,2个装黑色水钻发夹,生活用品
90185C,BLACK DIAMANTE EXPANDABLE RING,黑色水钻可调节戒指,生活用品
90059E,DIAMANTE HAIR GRIP PACK/2 RUBY,2个装红宝石水钻发夹,生活用品
90059C,DIAMANTE HAIR GRIP PACK/2 MONTANA,2个装蒙大拿水钻发夹,生活用品
90200C,BLUE SWEETHEART BRACELET,蓝色甜心手链,生活用品
90200D,PINK SWEETHEART BRACELET,粉色甜心手链,生活用品
90200A,PURPLE SWEETHEART BRACELET,紫色甜心手链,生活用品
22737,RIBBON REEL CHRISTMAS PRESENT,圣诞礼物丝带卷,派对用品
21260,FIRST AID TIN,急救铁盒,生活用品
22744,MAKE YOUR OWN MONSOON CARD KIT,自制季风贺卡套装,手工用品
21985,PACK OF 12 HEARTS DESIGN TISSUES,12包心形设计纸巾,生活用品
22295,HEART FILIGREE DOVE LARGE,心形镂空鸽子大号,装饰品
16258A,SWIRLY CIRCULAR RUBBERS IN BAG,袋装漩涡圆形橡皮,手工用品
21992,VINTAGE PAISLEY STATIONERY SET,复古佩斯利文具套装,生活用品
22735,RIBBON REEL SOCKS AND MITTENS,袜子手套丝带卷,手工用品
22945,CHRISTMAS METAL TAGS ASSORTED,圣诞金属标签混合装,派对用品
21816,CHRISTMAS TREE T-LIGHT HOLDER,圣诞树小烛台,家居装饰
21815,STAR  T-LIGHT HOLDER,星星小烛台,家居装饰
21814,HEART T-LIGHT HOLDER,心形小烛台,家居装饰
10125,MINI FUNKY DESIGN TAPES,迷你时尚设计胶带,手工用品
22573,STAR WOODEN CHRISTMAS DECORATION,星星木制圣诞装饰,装饰品
22577,WOODEN HEART CHRISTMAS SCANDINAVIAN,斯堪的纳维亚木制心形圣诞装饰,装饰品
22603,CHRISTMAS RETROSPOT TREE WOOD,复古圆点木制圣诞树,装饰品
20878,SET/9 CHRISTMAS T-LIGHTS SCENTED,9个装圣诞香薰小烛灯套装,家居装饰
20866,BLUE ROSE FABRIC MIRROR,蓝玫瑰布艺镜子,家居装饰
85095,THREE CANVAS LUGGAGE TAGS,三个帆布行李牌,生活用品
22333,RETROSPOT PARTY BAG + STICKER SET,复古圆点派对袋+贴纸套装,派对用品
21584,RETROSPOT SMALL TUBE MATCHES,复古圆点小管火柴,生活用品
22731,3D CHRISTMAS STAMPS STICKERS,3D圣诞邮票贴纸,手工用品
22956,36 FOIL HEART CAKE CASES,36个箔纸心形蛋糕纸杯,派对用品
22582,PACK OF 6 SWEETIE GIFT BOXES,6个甜心礼品盒套装,派对用品
85231B,CINAMMON SET OF 9 T-LIGHTS,肉桂味9个小烛灯套装,家居装饰
85231G,ORANGE SCENTED SET/9 T-LIGHTS,橙香味9个小烛灯套装,家居装饰
22082,RIBBON REEL STRIPES DESIGN,条纹设计丝带卷,手工用品
22500,SET OF 2 TINS JARDIN DE PROVENCE,2个装普罗旺斯花园铁盒,收纳用品
22742,MAKE YOUR OWN PLAYTIME CARD KIT,自制游戏时间贺卡套装,手工用品
21329,DINOSAURS  WRITING SET,恐龙文具套装,手工用品
21327,SKULLS WRITING SET,骷髅头文具套装,手工用品
48173C,DOORMAT BLACK FLOCK,黑色植绒门垫,家居装饰
72818,CHRISTMAS DECOUPAGE CANDLE,圣诞剪纸装饰蜡烛,装饰品
21137,BLACK RECORD COVER FRAME,黑色唱片相框,家居装饰
22041,"RECORD FRAME 7"" SINGLE SIZE",7英寸单曲尺寸唱片框,家居装饰
20979,36 PENCILS TUBE RED RETROSPOT,36支装红色波点铅笔筒,手工用品
20977,36 PENCILS TUBE WOODLAND,36支装林地铅笔筒,手工用品
22571,ROCKING HORSE RED CHRISTMAS,红色圣诞摇马,装饰品
22423,REGENCY CAKESTAND 3 TIER,摄政风格三层蛋糕架,厨房用品
21621,VINTAGE UNION JACK BUNTING,复古米字旗彩旗,装饰品
47563A,RETRO LONGBOARD IRONING BOARD COVER,复古长板熨衣板罩,家居装饰
84558A,3D DOG PICTURE PLAYING CARDS,3D狗狗图片扑克牌,其他
21577,SAVE THE PLANET COTTON TOTE BAG,拯救地球棉质手提袋,购物袋
22087,PAPER BUNTING WHITE LACE,白色蕾丝纸彩旗,派对用品
22651,GENTLEMAN SHIRT REPAIR KIT,绅士衬衫修补工具包,生活用品
22713,CARD I LOVE LONDON,我爱伦敦卡片,其他
21370,MIRRORED WALL ART FOXY,狐狸镜面墙饰,家居装饰
21367,MIRRORED WALL ART GENTS,绅士镜面墙饰,家居装饰
22376,AIRLINE BAG VINTAGE JET SET WHITE,复古喷气机白色航空包,生活用品
21895,POTTING SHED SOW 'N' GROW SET,盆栽棚播种生长套装,生活用品
22372,AIRLINE BAG VINTAGE WORLD CHAMPION,复古世界冠军航空包,生活用品
21190,PINK HEARTS PAPER GARLAND,粉色爱心纸花环,派对用品
21894,POTTING SHED SEED ENVELOPES,盆栽棚种子信封,生活用品
70007,HI TEC ALPINE HAND WARMER,高科技阿尔卑斯暖手宝,生活用品
46000M,POLYESTER FILLER PAD 45x45cm,45x45厘米聚酯纤维填充垫,家居装饰
22712,CARD DOLLY GIRL,洋娃娃女孩卡片,其他
22983,CARD BILLBOARD FONT,广告牌字体卡片,其他
22024,RAINY LADIES BIRTHDAY CARD,雨中女士生日卡,其他
21488,RED WHITE SCARF  HOT WATER BOTTLE,红白条纹热水袋套,生活用品
22895,SET OF 2 TEA TOWELS APPLE AND PEARS,苹果和梨图案2件套茶巾,厨房用品
22784,LANTERN CREAM GAZEBO,奶油色灯笼凉亭,家居装饰
21441,BLUE BIRDHOUSE DECORATION,蓝色鸟屋装饰,装饰品
84947,ANTIQUE SILVER TEA GLASS ENGRAVED,古董银茶色雕刻玻璃杯,厨房用品
22485,SET OF 2 WOODEN MARKET CRATES,2件套木制市场板条箱,收纳用品
21794,CLASSIC FRENCH STYLE BASKET NATURAL,经典法式风格天然篮子,收纳用品
20707,CRAZY DAISY HEART DECORATION,疯狂雏菊心形装饰,装饰品
22588,CARD HOLDER GINGHAM HEART,方格布心形卡片架,家居装饰
21292,SMALL STRIPES CHOCOLATE GIFT BAG,小条纹巧克力礼品袋,派对用品
22760,"TRAY, BREAKFAST IN BED",床上早餐托盘,厨房用品
22107,PIZZA PLATE IN BOX,盒装披萨盘,厨房用品
22151,PLACE SETTING WHITE HEART,白色心形餐具摆放,厨房用品
22643,SET OF 4 NAPKIN CHARMS LEAVES,4件套叶子餐巾扣,厨房用品
22642,SET OF 4 NAPKIN CHARMS STARS,4件套星星餐巾扣,厨房用品
22604,SET OF 4 NAPKIN CHARMS CUTLERY,4件套餐具餐巾扣,厨房用品
22099,CARAVAN SQUARE TISSUE BOX,方形大篷车纸巾盒,家居装饰
22653,BUTTON BOX,纽扣盒,收纳用品
22906,12 MESSAGE CARDS WITH ENVELOPES,12张带信封留言卡,其他
22754,SMALL RED BABUSHKA NOTEBOOK,小红色套娃笔记本,手工用品
22919,HERB MARKER MINT,薄荷草药标记牌,生活用品
22917,HERB MARKER ROSEMARY,迷迭香草药标记牌,生活用品
22920,HERB MARKER BASIL,罗勒草药标记牌,生活用品
22921,HERB MARKER CHIVES,细香葱草药标记牌,生活用品
22918,HERB MARKER PARSLEY,欧芹草药标记牌,生活用品
22916,HERB MARKER THYME,百里香草药标记牌,生活用品
22575,METAL MERRY CHRISTMAS WREATH,金属圣诞快乐花环,装饰品
21804,WHITE CHRISTMAS GARLAND STARS TREES,白色圣诞星星树木花环,装饰品
21588,RETROSPOT GIANT TUBE MATCHES,波点巨型管装火柴,生活用品
22955,36 FOIL STAR CAKE CASES,36个锡纸星星蛋糕纸杯,派对用品
22583,PACK OF 6 HANDBAG GIFT BOXES,6件装手袋礼品盒,派对用品
22241,GARLAND WOODEN HAPPY EASTER,木制复活节快乐花环,装饰品
22904,CALENDAR PAPER CUT DESIGN,剪纸设计日历,家居装饰
22905,CALENDAR IN SEASON DESIGN,当季设计日历,家居装饰
22092,BLUE PAISLEY TISSUE BOX,蓝色佩斯利花纹纸巾盒,家居装饰
22096,PINK PAISLEY SQUARE TISSUE BOX,粉色佩斯利方形纸巾盒,家居装饰
21358,TOAST ITS - HAPPY BIRTHDAY,生日快乐烤面包片模具,厨房用品
21427,SKULLS STORAGE BOX SMALL,小号骷髅头收纳盒,收纳用品
21930,JUMBO STORAGE BAG SKULLS,大号骷髅头收纳袋,收纳用品
20772,GARDEN PATH JOURNAL,花园小径日记本,手工用品
71406C,BLACK ORANGE SQUEEZER,黑色橙子榨汁器,厨房用品
84985A,SET OF 72 GREEN PAPER DOILIES,72张绿色纸杯垫套装,派对用品
20754,RETROSPOT RED WASHING UP GLOVES,波点红色洗碗手套,厨房用品
84596E,SMALL LICORICE DES PINK BOWL,小粉色甘草碗,厨房用品
21111,"SWISS ROLL TOWEL, CHOCOLATE  SPOTS",巧克力斑点瑞士卷毛巾,生活用品
22501,PICNIC BASKET WICKER LARGE,大号藤编野餐篮,生活用品
22854,CREAM SWEETHEART EGG HOLDER,奶油色心形鸡蛋架,厨房用品
47599A,PINK PARTY BAGS,粉色派对袋,派对用品
47599B,BLUE PARTY BAGS,蓝色派对袋,派对用品
20972,PINK CREAM FELT CRAFT TRINKET BOX,粉色奶油毡布工艺首饰盒,收纳用品
21041,RED RETROSPOT OVEN GLOVE DOUBLE,红色波点双面烤箱手套,厨房用品
21664,RIDGED GLASS STORAGE JAR CREAM LID,带奶油盖波纹玻璃储存罐,厨房用品
22907,PACK OF 20 NAPKINS PANTRY DESIGN,20张食品储藏室设计餐巾纸,派对用品
22776,SWEETHEART CAKESTAND 3 TIER,甜心三层蛋糕架,厨房用品
21810,CHRISTMAS HANGING STAR WITH BELL,带铃铛圣诞悬挂星星,装饰品
21197,MULTICOLOUR  CONFETTI IN TUBE,管装彩色五彩纸屑,派对用品
85035B,CHOCOLATE 3 WICK MORRIS BOX CANDLE,巧克力三芯莫里斯盒装蜡烛,家居装饰
84968C,SET OF 16 VINTAGE PISTACHIO CUTLERY,16件套复古开心果色餐具,厨房用品
21098,CHRISTMAS TOILET ROLL,圣诞卫生纸,生活用品
72800B,4 PURPLE FLOCK DINNER CANDLES,4支紫色植绒晚餐蜡烛,家居装饰
84563A,PINK & WHITE BREAKFAST TRAY,粉白早餐托盘,厨房用品
47504H,ENGLISH ROSE SPIRIT LEVEL,英式玫瑰水平仪,生活用品
21742,LARGE ROUND WICKER PLATTER,大号圆形藤制托盘,厨房用品
22481,BLACK TEA TOWEL CLASSIC DESIGN,黑色经典设计茶巾,厨房用品
22943,CHRISTMAS LIGHTS 10 VINTAGE BAUBLES,10个复古彩球圣诞灯,装饰品
22699,ROSES REGENCY TEACUP AND SAUCER,玫瑰摄政风格茶杯碟,厨房用品
22217,T-LIGHT HOLDER HANGING LACE,悬挂蕾丝茶烛台,家居装饰
22227,HANGING HEART MIRROR DECORATION,悬挂心形镜子装饰,家居装饰
21106,CREAM SLICE FLANNEL CHOCOLATE SPOT,巧克力斑点奶油切片法兰绒,生活用品
21107,CREAM SLICE FLANNEL PINK SPOT,粉色斑点奶油切片法兰绒,生活用品
22697,GREEN REGENCY TEACUP AND SAUCER,绿色摄政风格茶杯碟,厨房用品
21826,EIGHT PIECE DINOSAUR SET,八件套恐龙玩具套装,其他
22548,HEADS AND TAILS SPORTING FUN,头尾运动乐趣,其他
17164B,ASS COL SMALL SAND GECKO P'WEIGHT,小沙壁虎配重砝码,其他
22429,ENAMEL MEASURING JUG CREAM,奶油色搪瓷量壶,厨房用品
20974,12 PENCILS SMALL TUBE SKULL,12支装小筒骷髅铅笔,生活用品
20973,12 PENCIL SMALL TUBE WOODLAND,12支装小筒林地铅笔,生活用品
15044B,BLUE PAPER PARASOL,蓝色纸伞,派对用品
22173,METAL 4 HOOK HANGER FRENCH CHATEAU,法国城堡风格4钩金属挂钩,收纳用品
22626,BLACK KITCHEN SCALES,黑色厨房秤,厨房用品
22625,RED KITCHEN SCALES,红色厨房秤,厨房用品
22624,IVORY KITCHEN SCALES,象牙白厨房秤,厨房用品
84945,MULTI COLOUR SILVER T-LIGHT HOLDER,多彩银色茶烛台,家居装饰
22244,3 HOOK HANGER MAGIC GARDEN,魔法花园3钩挂钩,收纳用品
47421,ASSORTED COLOUR LIZARD SUCTION HOOK,彩色蜥蜴吸盘挂钩,收纳用品
20712,JUMBO BAG WOODLAND ANIMALS,大号袋装林地动物,购物袋
22973,CHILDREN'S CIRCUS PARADE MUG,儿童马戏团游行马克杯,厨房用品
84569B,PACK 3 FIRE ENGINE/CAR PATCHES,3个装消防车/汽车补丁,手工用品
22815,CARD PSYCHEDELIC APPLES,迷幻苹果卡片,生活用品
85114B,IVORY ENCHANTED FOREST PLACEMAT,象牙白魔法森林餐垫,厨房用品
22584,PACK OF 6 PANNETONE GIFT BOXES,6个装潘妮托尼礼盒,厨房用品
22454,MEASURING TAPE BABUSHKA RED,红色套娃卷尺,生活用品
85114C,RED ENCHANTED FOREST PLACEMAT,红色魔法森林餐垫,厨房用品
22974,CHILDRENS DOLLY GIRL MUG,儿童洋娃娃女孩马克杯,厨房用品
21452,TOADSTOOL MONEY BOX,蘑菇存钱罐,家居装饰
22743,MAKE YOUR OWN FLOWERPOWER CARD KIT,自制花之力量卡片套装,手工用品
22911,PAPER CHAIN KIT LONDON,伦敦纸链套装,手工用品
22453,MEASURING TAPE BABUSHKA BLUE,蓝色套娃卷尺,生活用品
22445,PENCIL CASE LIFE IS BEAUTIFUL,生活很美好铅笔盒,生活用品
22607,WOODEN ROUNDERS GARDEN SET,木质圆场花园套装,生活用品
22635,CHILDS BREAKFAST SET DOLLY GIRL,儿童洋娃娃女孩早餐套装,厨房用品
22634,CHILDS BREAKFAST SET SPACEBOY,儿童太空男孩早餐套装,厨房用品
22222,CAKE PLATE LOVEBIRD WHITE,白色爱情鸟蛋糕盘,厨房用品
22947,WOODEN ADVENT CALENDAR RED,红色木质降临节日历,家居装饰
22187,GREEN CHRISTMAS TREE CARD HOLDER,绿色圣诞树卡片夹,家居装饰
22164,STRING OF STARS CARD HOLDER,星星串卡片夹,家居装饰
72598,SET/12 TAPER CANDLES,12支装锥形蜡烛套装,家居装饰
22627,MINT KITCHEN SCALES,薄荷绿厨房秤,厨房用品
22487,WHITE WOOD GARDEN PLANT LADDER,白色木质花园植物梯,家居装饰
22360,GLASS JAR ENGLISH CONFECTIONERY,英式糖果玻璃罐,厨房用品
22364,GLASS JAR DIGESTIVE BISCUITS,消化饼干玻璃罐,厨房用品
21657,MILK BOTTLE WITH GLASS STOPPER,带玻璃塞牛奶瓶,厨房用品
21038,SET/4 MODERN VINTAGE COTTON NAPKINS,4件套现代复古棉质餐巾,厨房用品
21625,VINTAGE UNION JACK APRON,复古英国国旗围裙,厨房用品
22097,SWALLOW SQUARE TISSUE BOX,燕子方形纸巾盒,家居装饰
21179,NO JUNK MAIL METAL SIGN,禁止垃圾邮件金属标牌,家居装饰
22185,SLATE TILE NATURAL HANGING,天然石板悬挂砖,家居装饰
85104,SILVER GLASS T-LIGHT SET,银色玻璃茶烛套装,家居装饰
21654,RIDGED GLASS FINGER BOWL,波纹玻璃洗指碗,厨房用品
21658,GLASS  BEURRE DISH,玻璃黄油碟,厨房用品
21519,GIN & TONIC DIET GREETING CARD,金汤力饮食问候卡,生活用品
22819,"BIRTHDAY CARD, RETRO SPOT",复古圆点生日卡,生活用品
22704,WRAP RED APPLES,红色苹果包装纸,派对用品
21498,RED RETROSPOT WRAP,红色复古圆点包装纸,派对用品
22049,WRAP CHRISTMAS SCREEN PRINT,圣诞丝网印刷包装纸,派对用品
21497,FANCY FONTS BIRTHDAY WRAP,花式字体生日包装纸,派对用品
21333,CLASSIC WHITE FRAME,经典白色相框,家居装饰
22194,BLACK DINER WALL CLOCK,黑色餐厅挂钟,家居装饰
22688,DOORMAT PEACE ON EARTH BLUE,蓝色和平地球门垫,家居装饰
84692,BOX OF 24 COCKTAIL PARASOLS,24个装鸡尾酒伞盒,派对用品
22444,GROW YOUR OWN PLANT IN A CAN,罐装自种植物,生活用品
22555,PLASTERS IN TIN STRONGMAN,大力士铁盒装创可贴,生活用品
22547,MINI JIGSAW DINOSAUR,恐龙迷你拼图,生活用品
22543,MINI JIGSAW BAKE A CAKE,烘焙蛋糕迷你拼图,生活用品
22539,MINI JIGSAW DOLLY GIRL,洋娃娃女孩迷你拼图,生活用品
22561,WOODEN SCHOOL COLOURING SET,木质学校涂色套装,手工用品
22489,PACK OF 12 TRADITIONAL CRAYONS,12支装传统蜡笔,手工用品
22814,CARD PARTY GAMES,派对游戏卡片,生活用品
21520,BOOZE & WOMEN GREETING CARD,酒与女人问候卡,生活用品
21982,PACK OF 12 SUKI TISSUES,12包装苏琪纸巾,生活用品
21981,PACK OF 12 WOODLAND TISSUES,12包装林地纸巾,生活用品
21967,PACK OF 12 SKULL TISSUES,12包装骷髅纸巾,生活用品
22615,PACK OF 12 CIRCUS PARADE TISSUES,12包装马戏团游行纸巾,生活用品
22614,PACK OF 12 SPACEBOY TISSUES,12包装太空男孩纸巾,生活用品
22095,LADS ONLY TISSUE BOX,男士专用纸巾盒,生活用品
22094,RED RETROSPOT TISSUE BOX,红色复古圆点纸巾盒,生活用品
22966,GINGERBREAD MAN COOKIE CUTTER,姜饼人饼干模具,厨房用品
21874,GIN AND TONIC MUG,金汤力马克杯,厨房用品
21873,IF YOU CAN'T STAND THE HEAT MUG,如果你受不了热马克杯,厨房用品
21870,I CAN ONLY PLEASE ONE PERSON MUG,我只能取悦一个人马克杯,厨房用品
84050,PINK HEART SHAPE EGG FRYING PAN,粉色心形煎蛋锅,厨房用品
22315,200 RED + WHITE BENDY STRAWS,200支红白弯头吸管,派对用品
22667,RECIPE BOX RETROSPOT,复古圆点食谱盒,厨房用品
22666,RECIPE BOX PANTRY YELLOW DESIGN,黄色食品储藏室设计食谱盒,厨房用品
22665,RECIPE BOX BLUE SKETCHBOOK DESIGN,蓝色素描本设计食谱盒,厨房用品
22567,20 DOLLY PEGS RETROSPOT,20个复古圆点晾衣夹,生活用品
82600,NO SINGING METAL SIGN,禁止唱歌金属标牌,家居装饰
22842,BISCUIT TIN VINTAGE RED,复古红色饼干罐,厨房用品
22494,EMERGENCY FIRST AID TIN,急救铁盒,生活用品
22825,DECORATIVE PLANT POT WITH FRIEZE,带饰边装饰花盆,家居装饰
22680,FRENCH BLUE METAL DOOR SIGN 5,法国蓝色金属门牌5号,家居装饰
22797,CHEST OF DRAWERS GINGHAM HEART,格子心形抽屉柜,收纳用品
21843,RED RETROSPOT CAKE STAND,红色复古圆点蛋糕架,厨房用品
22118,JOY WOODEN BLOCK LETTERS,JOY木质字母块,家居装饰
22121,NOEL WOODEN BLOCK LETTERS,NOEL木质字母块,家居装饰
22119,PEACE WOODEN BLOCK LETTERS,PEACE木质字母块,家居装饰
22311,OFFICE MUG WARMER BLACK+SILVER,黑色+银色办公室暖杯器,厨房用品
72817,SET OF 2 CHRISTMAS DECOUPAGE CANDLE,2个装圣诞剪纸工艺蜡烛,家居装饰
22277,COSMETIC BAG VINTAGE ROSE PAISLEY,复古玫瑰佩斯利化妆包,收纳用品
20867,PINK ROSE FABRIC MIRROR,粉色玫瑰布艺镜子,家居装饰
21688,SILVER PLATE CANDLE BOWL SMALL,小号银盘蜡烛碗,家居装饰
21694,SMALL REGAL  SILVER CANDLEPOT,小号皇家银色烛台,家居装饰
22800,ANTIQUE TALL SWIRLGLASS TRINKET POT,古董高脚漩涡玻璃饰品罐,装饰品
22801,ANTIQUE GLASS PEDESTAL BOWL,古董玻璃高脚碗,家居装饰
22781,GUMBALL MAGAZINE RACK,口香糖球杂志架,收纳用品
21466,RED FLOWER CROCHET FOOD COVER,红色花朵钩针食物罩,厨房用品
21467,CHERRY CROCHET FOOD COVER,樱桃钩针食物罩,厨房用品
21471,STRAWBERRY RAFFIA FOOD COVER,草莓拉菲草食物罩,厨房用品
21524,DOORMAT SPOTTY HOME SWEET HOME,圆点图案欢迎回家门垫,家居装饰
22791,T-LIGHT GLASS FLUTED ANTIQUE,凹槽古董玻璃烛杯,装饰品
21690,SILVER  CANDLEPOT JARDIN,银色花园烛台,装饰品
22088,PAPER BUNTING COLOURED LACE,彩色蕾丝纸旗装饰,派对用品
21143,ANTIQUE GLASS HEART DECORATION,古董玻璃心形装饰,装饰品
84944,SET OF 6 KASHMIR FOLKART BAUBLES,6件套克什米尔民间艺术装饰球,装饰品
22601,CHRISTMAS RETROSPOT ANGEL WOOD,复古圆点圣诞天使木饰,装饰品
22600,CHRISTMAS RETROSPOT STAR WOOD,复古圆点圣诞星星木饰,装饰品
22574,HEART WOODEN CHRISTMAS DECORATION,心形木质圣诞装饰,装饰品
85199L,LARGE HANGING IVORY & RED WOOD BIRD,大型悬挂象牙红木鸟,装饰品
85199S,SMALL HANGING IVORY/RED WOOD BIRD,小型悬挂象牙红木鸟,装饰品
72741,GRAND CHOCOLATECANDLE,豪华巧克力蜡烛,生活用品
37495,FAIRY CAKE BIRTHDAY CANDLE SET,仙女蛋糕生日蜡烛套装,派对用品
22171,3 HOOK PHOTO SHELF ANTIQUE WHITE,3钩古董白照片架,家居装饰
85067,CREAM SWEETHEART WALL CABINET,奶油色甜心壁柜,家居装饰
48184,DOORMAT ENGLISH ROSE,英伦玫瑰门垫,家居装饰
48138,DOORMAT UNION FLAG,英国国旗门垫,家居装饰
85019A,ROMANTIC IMAGES NOTEBOOK SET,浪漫图片笔记本套装,生活用品
85019C,CURIOUS  IMAGES NOTEBOOK SET,好奇图片笔记本套装,生活用品
20902,VINTAGE KEEPSAKE BOX PARIS DAYS,巴黎时光复古纪念盒,收纳用品
21429,RED GINGHAM ROSE JEWELLERY BOX,红色格子玫瑰首饰盒,收纳用品
85071A,BLUE CHARLIE+LOLA PERSONAL DOORSIGN,蓝色查理和罗拉个性化门牌,家居装饰
85071C,"CHARLIE+LOLA""EXTREMELY BUSY"" SIGN","查理和罗拉""超级忙碌""标志",家居装饰
22355,CHARLOTTE BAG SUKI DESIGN,苏琪设计夏洛特包,购物袋
21579,LOLITA  DESIGN  COTTON TOTE BAG,洛丽塔设计棉质托特包,购物袋
21576,LETS GO SHOPPING COTTON TOTE BAG,让我们去购物棉质托特包,购物袋
22493,PAINT YOUR OWN CANVAS SET,DIY画布套装,手工用品
21833,CAMOUFLAGE LED TORCH,迷彩LED手电筒,生活用品
85135B,BLUE DRAGONFLY HELICOPTER,蓝色蜻蜓直升机,其他
85136A,YELLOW SHARK HELICOPTER,黄色鲨鱼直升机,其他
85136C,RED SHARK HELICOPTER,红色鲨鱼直升机,其他
21055,TOOL BOX SOFT TOY,工具箱毛绒玩具,其他
21056,DOCTOR'S BAG SOFT TOY,医生包毛绒玩具,其他
21928,JUMBO BAG SCANDINAVIAN PAISLEY,斯堪的纳维亚佩斯利大号袋,购物袋
20711,JUMBO BAG TOYS,玩具大号袋,购物袋
21773,DECORATIVE ROSE BATHROOM BOTTLE,装饰玫瑰浴室瓶,家居装饰
21774,DECORATIVE CATS BATHROOM BOTTLE,装饰猫咪浴室瓶,家居装饰
21787,RAIN PONCHO RETROSPOT,复古圆点雨披,生活用品
21801,CHRISTMAS TREE DECORATION WITH BELL,带铃铛圣诞树装饰,装饰品
21802,CHRISTMAS TREE HEART DECORATION,圣诞树心形装饰,装饰品
21803,CHRISTMAS TREE STAR DECORATION,圣诞树星星装饰,装饰品
21809,CHRISTMAS HANGING TREE WITH BELL,带铃铛圣诞悬挂树,装饰品
21821,GLITTER STAR GARLAND WITH BELLS,闪亮星星铃铛花环,装饰品
21822,GLITTER CHRISTMAS TREE WITH BELLS,闪亮圣诞树带铃铛,装饰品
21851,LILAC DIAMANTE PEN IN GIFT BOX,紫色水钻笔礼盒装,生活用品
21879,HEARTS GIFT TAPE,心形礼物胶带,派对用品
21884,CAKES AND BOWS GIFT  TAPE,蛋糕蝴蝶结礼物胶带,派对用品
21888,BINGO SET,宾果游戏套装,派对用品
21911,GARDEN METAL SIGN,花园金属标志,家居装饰
21922,UNION STRIPE WITH FRINGE  HAMMOCK,条纹流苏吊床,家居装饰
21935,SUKI  SHOULDER BAG,苏琪肩包,购物袋
21942,SKULLS DESIGN FLANNEL,骷髅图案法兰绒,生活用品
21944,KITTENS DESIGN FLANNEL,小猫图案法兰绒,生活用品
21949,SET OF 6 STRAWBERRY CHOPSTICKS,6件套草莓筷子,厨房用品
21990,MODERN FLORAL STATIONERY SET,现代花卉文具套装,生活用品
21991,BOHEMIAN COLLAGE STATIONERY SET,波西米亚拼贴文具套装,生活用品
21993,FLORAL FOLK STATIONERY SET,花卉民俗文具套装,生活用品
22037,ROBOT BIRTHDAY CARD,机器人生日贺卡,派对用品
22043,CHRISTMAS CARD SCREEN PRINT,丝印圣诞贺卡,派对用品
22065,CHRISTMAS PUDDING TRINKET POT,圣诞布丁饰品罐,装饰品
22067,CHOC TRUFFLE GOLD TRINKET POT,巧克力松露金色饰品罐,装饰品
22069,BROWN  PIRATE TREASURE CHEST,棕色海盗宝藏箱,收纳用品
22071,SMALL WHITE RETROSPOT MUG IN BOX,盒装小白复古圆点马克杯,厨房用品
22076,6 RIBBONS EMPIRE,6卷帝国丝带,手工用品
22081,RIBBON REEL FLORA + FAUNA,动植物丝带卷,手工用品
22090,PAPER BUNTING RETROSPOT,复古圆点纸旗装饰,派对用品
22134,LADLE LOVE HEART RED,红色爱心长柄勺,厨房用品
22135,LADLE LOVE HEART PINK,粉色爱心长柄勺,厨房用品
22154,ANGEL DECORATION 3 BUTTONS,3钮扣天使装饰,装饰品
22155,STAR DECORATION RUSTIC,乡村风格星星装饰,装饰品
22156,HEART DECORATION WITH PEARLS,珍珠心形装饰,装饰品
22161,HEART DECORATION RUSTIC HANGING,乡村悬挂心形装饰,装饰品
22162,HEART GARLAND RUSTIC PADDED,乡村填充心形花环,装饰品
22169,FAMILY ALBUM WHITE PICTURE FRAME,白色家庭相册相框,家居装饰
22182,CAKE STAND VICTORIAN FILIGREE SMALL,维多利亚花纹小蛋糕架,厨房用品
22190,LOCAL CAFE MUG,本地咖啡馆马克杯,厨房用品
22203,MILK PAN RED RETROSPOT,红色复古圆点奶锅,厨房用品
22207,FRYING PAN UNION FLAG,英国国旗煎锅,厨房用品
22265,EASTER DECORATION NATURAL CHICK,天然小鸡复活节装饰,装饰品
22276,WASH BAG VINTAGE ROSE PAISLEY,复古玫瑰佩斯利洗漱包,收纳用品
22299,PIG KEYRING WITH LIGHT & SOUND,带灯光声音的猪钥匙扣,生活用品
22309,TEA COSY RED  STRIPE,红色条纹茶壶套,厨房用品
22314,OFFICE MUG WARMER CHOC+BLUE,巧克力蓝色办公室暖杯器,生活用品
22335,HEART DECORATION PAINTED ZINC,彩绘锌心形装饰,装饰品
22336,DOVE DECORATION PAINTED ZINC,彩绘锌鸽子装饰,装饰品
22348,TEA BAG PLATE RED RETROSPOT,红色复古圆点茶包盘,厨房用品
22359,GLASS JAR KINGS CHOICE,国王之选玻璃罐,厨房用品
22361,GLASS JAR DAISY FRESH COTTON WOOL,雏菊清新化妆棉玻璃罐,生活用品
22375,AIRLINE BAG VINTAGE JET SET BROWN,复古喷气机棕色航空包,购物袋
22378,WALL TIDY RETROSPOT,复古圆点墙面收纳袋,收纳用品
22380,TOY TIDY SPACEBOY,太空男孩玩具收纳袋,收纳用品
22394,PAPERWEIGHT KINGS CHOICE,国王之选纸镇,生活用品
22396,MAGNETS PACK OF 4 RETRO PHOTO,4件套复古照片磁铁,家居装饰
22419,LIPSTICK PEN RED,红色口红笔,生活用品
22422,TOOTHPASTE TUBE PEN,牙膏管笔,生活用品
22430,ENAMEL WATERING CAN CREAM,珐琅洒水壶护手霜,生活用品
22432,WATERING CAN PINK BUNNY,粉色兔子洒水壶,园艺用品
22437,SET OF 9 BLACK SKULL BALLOONS,9个黑色骷髅气球套装,派对用品
22471,TV DINNER TRAY AIR HOSTESS,电视晚餐托盘空姐款,厨房用品
22476,EMPIRE UNION JACK TV DINNER TRAY,帝国米字旗电视晚餐托盘,厨房用品
22477,WATERING CAN GARDEN MARKER,洒水壶花园标记牌,园艺用品
22478,BIRDHOUSE GARDEN MARKER,鸟屋花园标记牌,园艺用品
22479,DAISY GARDEN MARKER,雏菊花园标记牌,园艺用品
22497,SET OF 2 TINS VINTAGE BATHROOM,2件套复古浴室锡罐,收纳用品
22515,CHILDS GARDEN SPADE PINK,儿童粉色花园铲,园艺用品
22517,CHILDS GARDEN RAKE PINK,儿童粉色花园耙,园艺用品
22519,CHILDS GARDEN BRUSH PINK,儿童粉色花园刷,园艺用品
22545,MINI JIGSAW BUNNIES,迷你兔子拼图,其他
22550,HOLIDAY FUN LUDO,假日趣味飞行棋,其他
22560,TRADITIONAL MODELLING CLAY,传统造型黏土,手工用品
22589,CARDHOLDER GINGHAM STAR,方格星星卡片夹,收纳用品
22605,WOODEN CROQUET GARDEN SET,木质槌球花园套装,园艺用品
22639,SET OF 4 NAPKIN CHARMS HEARTS,4个心形餐巾扣套装,家居装饰
22669,RED BABY BUNTING,红色婴儿横幅,家居装饰
22675,FRENCH KITCHEN SIGN BLUE METAL,蓝色金属法式厨房标牌,家居装饰
22734,SET OF 6 RIBBONS VINTAGE CHRISTMAS,6条复古圣诞丝带套装,派对用品
22741,FUNKY DIVA PEN,时尚天后笔,生活用品
22755,SMALL PURPLE BABUSHKA NOTEBOOK,小号紫色套娃笔记本,生活用品
22757,LARGE RED BABUSHKA NOTEBOOK,大号红色套娃笔记本,生活用品
22758,LARGE PURPLE BABUSHKA NOTEBOOK,大号紫色套娃笔记本,生活用品
22769,CHALKBOARD KITCHEN ORGANISER,黑板厨房收纳盒,厨房用品
22792,FLUTED ANTIQUE CANDLE HOLDER,凹槽古董烛台,家居装饰
22816,CARD MOTORBIKE SANTA,圣诞老人摩托车贺卡,其他
22818,CARD CHRISTMAS VILLAGE,圣诞村庄贺卡,其他
22822,CREAM WALL PLANTER HEART SHAPED,奶油色心形壁挂花盆,家居装饰
22844,VINTAGE CREAM DOG FOOD CONTAINER,复古奶油色狗粮容器,宠物用品
22847,BREAD BIN DINER STYLE IVORY,餐厅风格象牙白面包箱,厨房用品
22862,LOVE HEART NAPKIN BOX,爱心餐巾盒,厨房用品
22876,NUMBER TILE COTTAGE GARDEN 8,小屋花园数字瓷砖8,家居装饰
22928,YELLOW GIANT GARDEN THERMOMETER,黄色巨型花园温度计,园艺用品
22948,METAL DECORATION NAUGHTY CHILDREN,淘气孩子金属装饰,装饰品
22949,36 DOILIES DOLLY GIRL,36个娃娃女孩桌垫,家居装饰
22976,CIRCUS PARADE CHILDRENS EGG CUP,马戏团游行儿童蛋杯,厨房用品
35095A,BLUE VICTORIAN FABRIC OVAL BOX,蓝色维多利亚布料椭圆盒,收纳用品
35095B,RED VICTORIAN FABRIC OVAL BOX,红色维多利亚布料椭圆盒,收纳用品
35471D,SET OF 3 BIRD LIGHT PINK FEATHER,3个浅粉色羽毛鸟灯套装,装饰品
35598D,PINK/WHITE CHRISTMAS TREE 60CM,粉白圣诞树60厘米,装饰品
35599D,PINK AND WHITE CHRISTMAS TREE 120CM,粉白圣诞树120厘米,装饰品
35610A,PINK CHRISTMAS FLOCK DROPLET,粉色圣诞植绒水滴装饰,装饰品
35818P,"ACRYLIC JEWEL ICICLE, PINK",粉色亚克力珠宝冰柱,装饰品
35957,SMALLFOLKART BAUBLE CHRISTMAS DEC,民间艺术小球圣诞装饰,装饰品
35961,FOLKART ZINC HEART CHRISTMAS DEC,民间艺术锌心圣诞装饰,装饰品
35971,ROSE FOLKART HEART DECORATIONS,玫瑰民间艺术心形装饰,装饰品
37449,CERAMIC CAKE STAND + HANGING CAKES,陶瓷蛋糕架+悬挂蛋糕,厨房用品
37476,CONDIMENT TRAY 4 BOWLS AND 4 SPOONS,4碗4勺调味品托盘,厨房用品
47559B,TEA TIME OVEN GLOVE,茶时光烤箱手套,厨房用品
47591B,SCOTTIES CHILDRENS APRON,苏格兰梗儿童围裙,厨房用品
47591D,PINK FAIRY CAKE CHILDRENS APRON,粉色仙女蛋糕儿童围裙,厨房用品
47593B,SCOTTIE DOGS BABY BIB,苏格兰狗婴儿围兜,生活用品
71459,HANGING JAM JAR T-LIGHT HOLDER,悬挂果酱罐小烛台,家居装饰
72586,SET OF 6 HALLOWEEN GHOST T-LIGHTS,6个万圣节幽灵小夜灯套装,装饰品
72799E,IVORY PILLAR CANDLE SILVER FLOCK,象牙白柱状蜡烛银色植绒,家居装饰
72799F,IVORY PILLAR CANDLE GOLD FLOCK,象牙白柱状蜡烛金色植绒,家居装饰
72807A,SET/3 ROSE CANDLE IN JEWELLED BOX,3支玫瑰蜡烛镶珠宝盒套装,家居装饰
72807B,SET/3 OCEAN SCENT CANDLE JEWEL BOX,3支海洋香氛蜡烛珠宝盒套装,家居装饰
72807C,SET/3 VANILLA SCENTED CANDLE IN BOX,3支香草香氛蜡烛盒装,家居装饰
72816,SET/3 CHRISTMAS DECOUPAGE CANDLES,3支圣诞剪纸蜡烛套装,家居装饰
79030D,"TUMBLER, BAROQUE",巴洛克风格玻璃杯,厨房用品
79030G,"TUMBLER, NEW ENGLAND",新英格兰风格玻璃杯,厨房用品
82551,LAUNDRY 15C METAL SIGN,洗衣房15分金属标牌,家居装饰
82583,HOT BATHS METAL SIGN,热水浴金属标牌,家居装饰
82613B,"METAL SIGN,CUPCAKE SINGLE HOOK",纸杯蛋糕单钩金属标牌,家居装饰
82613C,"METAL SIGN,CUPCAKE SINGLE HOOK",纸杯蛋糕单钩金属标牌,家居装饰
82613D,METAL SIGN CUPCAKE SINGLE HOOK,纸杯蛋糕单钩金属标牌,家居装饰
84031A,CHARLIE+LOLA RED HOT WATER BOTTLE,查理和萝拉红色热水袋,生活用品
84031B,CHARLIE LOLA BLUE HOT WATER BOTTLE,查理和萝拉蓝色热水袋,生活用品
84032A,CHARLIE+LOLA PINK HOT WATER BOTTLE,查理和萝拉粉色热水袋,生活用品
84086C,PINK/PURPLE RETRO RADIO,粉紫色复古收音机,家居装饰
84279P,CHERRY BLOSSOM  DECORATIVE FLASK,樱花装饰瓶,装饰品
85016,SET OF 6 VINTAGE NOTELETS KIT,6张复古便签套装,生活用品
85017A,ENVELOPE 50 ROMANTIC IMAGES,50个浪漫图片信封,生活用品
85017B,ENVELOPE 50 BLOSSOM IMAGES,50个花朵图片信封,生活用品
85032D,YULETIDE IMAGES GIFT WRAP SET,圣诞季图片礼品包装套装,派对用品
85039A,SET/4 RED MINI ROSE CANDLE IN BOWL,4支红色迷你玫瑰碗装蜡烛套装,家居装饰
85048,15CM CHRISTMAS GLASS BALL 20 LIGHTS,15厘米圣诞玻璃球20灯串,装饰品
85064,CREAM SWEETHEART LETTER RACK,奶油色甜心信件架,收纳用品
85127,SMALL SQUARE CUT GLASS CANDLESTICK,小号方形切割玻璃烛台,家居装饰
85129D,BEADED CRYSTAL HEART PINK SMALL,粉色小号水晶串珠心形,装饰品
85131B,BEADED CRYSTAL HEART GREEN ON STICK,绿色串珠水晶心形棒饰,装饰品
85132A,CHARLIE + LOLA BISCUITS TINS,查理和萝拉饼干罐,厨房用品
85135C,RED DRAGONFLY HELICOPTER,红色蜻蜓直升机,其他
85176,SEWING SUSAN 21 NEEDLE SET,苏珊缝纫21针套装,手工用品
85177,BASKET OF FLOWERS SEWING KIT,花篮缝纫套装,手工用品
85178,VICTORIAN SEWING KIT,维多利亚缝纫套装,手工用品
85186A,EASTER BUNNY GARLAND OF FLOWERS,复活节兔子花环,装饰品
85232B,SET OF 3 BABUSHKA STACKING TINS,3个套娃叠放罐套装,收纳用品
90003C,MIDNIGHT BLUE PAIR HEART HAIR SLIDE,午夜蓝心形对夹,饰品
90018A,SILVER M.O.P ORBIT DROP EARRINGS,银色珍珠母轨道吊坠耳环,饰品
90022,EDWARDIAN DROP EARRINGS JET BLACK,爱德华式墨黑色吊坠耳环,饰品
90071,RUBY GLASS CLUSTER EARRINGS,红宝石玻璃簇耳环,饰品
90099,NECKLACE+BRACELET SET BLUE HIBISCUS,蓝色木槿项链手链套装,饰品
90116,FRUIT SALAD BAG CHARM,水果沙拉包饰,饰品
90120C,GREEN MURANO TWIST BRACELET,绿色穆拉诺扭纹手链,饰品
90129A,PINK GLASS TASSLE BAG CHARM,粉色玻璃流苏包饰,饰品
90129B,TURQUOISE GLASS TASSLE BAG CHARM,绿松石玻璃流苏包饰,装饰品
90161A,ANT COPPER RED BOUDICCA BRACELET,古铜红布迪卡手镯,装饰品
90190C,SILVER/AMETHYST DROP EARRINGS LEAF,银/紫水晶叶子吊坠耳环,装饰品
90194,SILVER LARIAT BLACK STONE EARRINGS,银链黑石长耳环,装饰品
90214D,"LETTER ""D"" BLING KEY RING","字母""D""闪亮钥匙扣",生活用品
90214G,"LETTER ""G"" BLING KEY RING","字母""G""闪亮钥匙扣",生活用品
90214H,"LETTER ""H"" BLING KEY RING","字母""H""闪亮钥匙扣",生活用品
90214J,"LETTER ""J"" BLING KEY RING","字母""J""闪亮钥匙扣",生活用品
90214R,"LETTER ""R"" BLING KEY RING","字母""R""闪亮钥匙扣",生活用品
84534B,FAIRY CAKE NOTEBOOK A5 SIZE,仙女蛋糕笔记本 A5尺寸,生活用品
84535B,FAIRY CAKES NOTEBOOK A6 SIZE,仙女蛋糕笔记本 A6尺寸,生活用品
84536A,ENGLISH ROSE NOTEBOOK A7 SIZE,英伦玫瑰笔记本 A7尺寸,生活用品
84536B,FAIRY CAKES NOTEBOOK A7 SIZE,仙女蛋糕笔记本 A7尺寸,生活用品
84580,MOUSE TOY WITH PINK T-SHIRT,穿粉色T恤的老鼠玩具,其他
84581,DOG TOY WITH PINK CROCHET SKIRT,穿粉色钩针裙的狗狗玩具,其他
84598,BOYS ALPHABET IRON ON PATCHES,男孩字母烫印补丁,手工用品
84912B,GREEN ROSE WASHBAG,绿色玫瑰洗漱包,收纳用品
84913A,SOFT PINK ROSE TOWEL,柔粉玫瑰毛巾,生活用品
84913B,MINT GREEN ROSE TOWEL,薄荷绿玫瑰毛巾,生活用品
84923,PINK BUTTERFLY HANDBAG W BOBBLES,粉色蝴蝶带波波手袋,购物袋
84946,ANTIQUE SILVER TEA GLASS ETCHED,古董银茶色蚀刻玻璃,家居装饰
84988,SET OF 72 PINK HEART PAPER DOILIES,72枚粉色爱心纸垫套装,派对用品
20856,DENIM PATCH PURSE PINK BUTTERFLY,牛仔布蝴蝶零钱包,收纳用品
20854,BLUE PATCH PURSE PINK HEART,蓝色布丁粉色爱心零钱包,收纳用品
21218,RED SPOTTY BISCUIT TIN,红色波点饼干罐,厨房用品
22845,VINTAGE CREAM CAT FOOD CONTAINER,复古奶油色猫粮储存罐,收纳用品
11001,ASSTD DESIGN RACING CAR PEN,多款设计赛车笔,生活用品
16236,KITTY PENCIL ERASERS,小猫橡皮擦,生活用品
17003,BROCADE RING PURSE,锦缎戒指包,收纳用品
17011F,ORIGAMI SANDLEWOOD INCENSE+FLOWER,折纸檀香薰香+花,家居装饰
17012A,ORIGAMI VANILLA INCENSE/CANDLE SET,折纸香草薰香/蜡烛套装,家居装饰
17012B,ORIGAMI JASMINE INCENSE/CANDLE SET,折纸茉莉薰香/蜡烛套装,家居装饰
17012C,ORIGAMI LAVENDER INCENSE/CANDL SET,折纸薰衣草薰香/蜡烛套装,家居装饰
17012D,ORIGAMI ROSE INCENSE/CANDLE SET,折纸玫瑰薰香/蜡烛套装,家居装饰
17012E,ORIGAMI OPIUM INCENSE/CANDLE SET,折纸鸦片薰香/蜡烛套装,家居装饰
17012F,ORIGAMI SANDLEWOOD INCENSE/CAND SET,折纸檀香薰香/蜡烛套装,家居装饰
17129F,BLUE GLASS GEMS IN BAG,袋装蓝色玻璃宝石,装饰品
18098C,PORCELAIN BUTTERFLY OIL BURNER,陶瓷蝴蝶香薰炉,家居装饰
20622,VIPPASSPORT COVER,VIP护照套,生活用品
20658,RED RETROSPOT LUGGAGE TAG,红色复古波点行李牌,生活用品
20662,FIRST CLASS HOLIDAY PURSE,头等舱假日钱包,收纳用品
20676,RED RETROSPOT BOWL,红色复古波点碗,厨房用品
20684,STRAWBERRY DREAM CHILDS UMBRELLA,草莓梦幻儿童雨伞,生活用品
20719,WOODLAND CHARLOTTE BAG,林地夏洛特包,购物袋
20724,RED RETROSPOT CHARLOTTE BAG,红色复古波点夏洛特包,购物袋
20733,GOLD MINI TAPE MEASURE,金色迷你卷尺,生活用品
20735,BLACK MINI TAPE MEASURE,黑色迷你卷尺,生活用品
20770,ABSTRACT CIRCLE JOURNAL,抽象圆圈日记本,生活用品
20835,FRENCH LATTICE CUSHION COVER,法式格子靠垫套,家居装饰
20839,FRENCH PAISLEY CUSHION COVER,法式佩斯利靠垫套,家居装饰
20840,FRENCH FLORAL CUSHION COVER,法式花卉靠垫套,家居装饰
20956,PORCELAIN T-LIGHT HOLDERS ASSORTED,陶瓷小烛台多种款式,家居装饰
20969,RED FLORAL FELTCRAFT SHOULDER BAG,红色花卉毡艺肩包,购物袋
20971,PINK BLUE FELT CRAFT TRINKET BOX,粉蓝毡艺首饰盒,收纳用品
20975,12 PENCILS SMALL TUBE RED RETROSPOT,12支装红色复古波点铅笔小管,生活用品
20981,12 PENCILS TALL TUBE WOODLAND,12支装林地主题高管铅笔,生活用品
20996,JAZZ HEARTS ADDRESS BOOK,爵士爱心地址簿,生活用品
21000,ROSE DU SUD COSMETICS BAG,南玫化妆品包,收纳用品
21012,ANTIQUE ALL GLASS CANDLESTICK,古董全玻璃烛台,家居装饰
21069,VINTAGE BILLBOARD TEA MUG,复古广告牌茶缸,厨房用品
21070,VINTAGE BILLBOARD MUG,复古广告牌马克杯,厨房用品
21147,JINGLE BELLS TREE DECORATION,铃铛树装饰,装饰品
21158,MOODY GIRL DOOR HANGER,情绪女孩门挂,家居装饰
21165,BEWARE OF THE CAT METAL SIGN,小心猫咪金属标牌,家居装饰
21174,POTTERING IN THE SHED METAL SIGN,棚内闲趣金属标牌,家居装饰
21207,SKULL AND CROSSBONES  GARLAND,骷髅头彩旗,派对用品
21217,RED RETROSPOT ROUND CAKE TINS,红色复古波点圆形蛋糕罐,厨房用品
21231,SWEETHEART CERAMIC TRINKET BOX,甜心陶瓷首饰盒,收纳用品
21238,RED RETROSPOT CUP,红色复古波点杯子,厨房用品
21249,WOODLAND  HEIGHT CHART STICKERS,林地身高贴纸,家居装饰
21262,WHITE GOOSE FEATHER CHRISTMAS TREE,白色鹅毛圣诞树,装饰品
21313,GLASS HEART T-LIGHT HOLDER,玻璃心形小烛台,家居装饰
21349,IVY HEART WREATH,常春藤爱心花环,家居装饰
21352,EUCALYPTUS & PINECONE  WREATH,桉树松果花环,家居装饰
21354,TOAST ITS - BEST MUM,吐司机用-最佳妈妈烤面包片,厨房用品
21365,MIRRORED WALL ART STARS,镜面星星墙饰,家居装饰
21366,MIRRORED WALL ART PHOTO FRAMES,镜面相框墙饰,家居装饰
21369,MIRRORED WALL ART SPLODGES,镜面斑点墙饰,家居装饰
21372,MIRRORED WALL ART TABLE LAMP,镜面桌灯墙饰,家居装饰
21385,IVORY HANGING DECORATION  HEART,象牙色心形挂饰,装饰品
21408,SPOTTY PINK DUCK DOORSTOP,斑点粉色鸭子门挡,家居装饰
21507,"ELEPHANT, BIRTHDAY CARD,",大象生日贺卡,生活用品
21563,RED HEART SHAPE LOVE BUCKET,红色心形爱意桶,收纳用品
21564,PINK  HEART SHAPE LOVE BUCKET,粉色心形爱意桶,收纳用品
21634,ASSORTED MINI MADRAS NOTEBOOK,多款迷你马德拉斯笔记本,生活用品
21641,ASSORTED TUTTI FRUTTI KEYRING BALL,多款水果钥匙扣球,生活用品
21679,SKULLS  STICKERS,骷髅头贴纸,手工用品
21703,BAG 125g SWIRLY MARBLES,125克袋装漩涡弹珠,其他
21704,BAG 250g SWIRLY MARBLES,250克袋装漩涡弹珠,其他
21721,CANDY SHOP  STICKER SHEET,糖果店贴纸页,手工用品
21722,SWEET PUDDING STICKER SHEET,甜布丁贴纸页,手工用品
21758,VINTAGE SHELLS PRINT,复古贝壳印刷品,家居装饰
22892,SET OF SALT AND PEPPER TOADSTOOLS,蘑菇造型盐和胡椒瓶套装,厨房用品
22245,"HOOK, 1 HANGER ,MAGIC GARDEN","挂钩,1个衣架,魔法花园",家居装饰
20957,PORCELAIN HANGING BELL SMALL,小号陶瓷挂铃,家居装饰
79144B,PAINTED LIGHTBULB STAR+ MOON,彩绘星星月亮灯泡,家居装饰
22482,BLUE TEA TOWEL CLASSIC DESIGN,经典设计蓝色茶巾,厨房用品
21917,SET 12 KIDS  WHITE CHALK STICKS,12支儿童白色粉笔套装,手工用品
20697,LITTLE GREEN MONSTER SOFT TOY,小绿怪软玩具,其他
22599,CHRISTMAS MUSICAL ZINC STAR,圣诞音乐锌制星星,装饰品
22597,CHRISTMAS MUSICAL ZINC HEART,圣诞音乐锌制心形装饰,装饰品
21495,SKULLS AND CROSSBONES WRAP,骷髅头图案包装纸,生活用品
46000R,POLYESTER FILLER PAD 45x30cm,聚酯填充垫 45x30厘米,家居装饰
46000S,POLYESTER FILLER PAD 40x40cm,聚酯填充垫 40x40厘米,家居装饰
84920,PINK FLOWER FABRIC PONY,粉色花朵织物小马,装饰品
22953,BIRTHDAY PARTY CORDON BARRIER TAPE,生日派对警戒带,派对用品
84508A,CAMOUFLAGE DESIGN TEDDY,迷彩设计泰迪熊,装饰品
21670,BLUE SPOT CERAMIC DRAWER KNOB,蓝点陶瓷抽屉拉手,家居装饰
22786,CUSHION COVER PINK UNION JACK,粉色英国国旗靠垫套,家居装饰
22212,FOUR HOOK  WHITE LOVEBIRDS,白色爱情鸟四钩挂架,收纳用品
22678,FRENCH BLUE METAL DOOR SIGN 3,法式蓝色金属门牌3号,家居装饰
22686,FRENCH BLUE METAL DOOR SIGN No,法式蓝色金属门牌,家居装饰
84685,BEACH HUT KEY CABINET,海滩小屋钥匙柜,收纳用品
20616,CHERRY BLOSSOM PASSPORT COVER,樱花护照套,生活用品
22753,SMALL YELLOW BABUSHKA NOTEBOOK,小黄色套娃笔记本,生活用品
79066K,RETRO MOD TRAY,复古现代风格托盘,家居装饰
22794,SWEETHEART WIRE MAGAZINE RACK,甜心铁丝杂志架,收纳用品
22592,CARDHOLDER HOLLY WREATH METAL,金属冬青花环卡片夹,装饰品
84352,SILVER CHRISTMAS TREE BAUBLE STAND,银色圣诞树装饰球架,装饰品
22795,SWEETHEART RECIPE BOOK STAND,甜心食谱架,厨房用品
22278,OVERNIGHT BAG VINTAGE ROSE PAISLEY,复古玫瑰佩斯利过夜包,生活用品
22802,FAUX FUR CHOCOLATE THROW,仿皮草巧克力色盖毯,家居装饰
84884A,ANT WHITE WIRE HEART SPIRAL,白色铁丝心形螺旋装饰,装饰品
51014C,"FEATHER PEN,COAL BLACK",羽毛笔，炭黑色,生活用品
51014L,"FEATHER PEN,LIGHT PINK",羽毛笔，浅粉色,生活用品
51014A,"FEATHER PEN,HOT PINK",羽毛笔，亮粉色,生活用品
22366,DOORMAT AIRMAIL,航空邮件主题门垫,家居装饰
48111,DOORMAT 3 SMILEY CATS,3只笑脸猫门垫,家居装饰
22846,BREAD BIN DINER STYLE RED,餐厅风格红色面包箱,厨房用品
22402,MAGNETS PACK OF 4 VINTAGE COLLAGE,复古拼贴磁铁4件套,装饰品
22400,MAGNETS PACK OF 4 HOME SWEET HOME,甜蜜之家磁铁4件套,装饰品
22399,MAGNETS PACK OF 4 CHILDHOOD MEMORY,童年记忆磁铁4件套,装饰品
79302M,"ART LIGHTS,FUNK MONKEY",艺术灯，时髦猴子,家居装饰
37446,MINI CAKE STAND WITH HANGING CAKES,带悬挂蛋糕的迷你蛋糕架,厨房用品
84509B,SET OF 4 FAIRY CAKE PLACEMATS,纸杯蛋糕餐垫4件套,厨房用品
22313,OFFICE MUG WARMER PINK,粉色办公室马克杯加热器,生活用品
21181,PLEASE ONE PERSON METAL SIGN,请一次一人金属标志,家居装饰
21818,GLITTER CHRISTMAS HEART,闪粉圣诞心形装饰,装饰品
21668,RED STRIPE CERAMIC DRAWER KNOB,红条纹陶瓷抽屉拉手,家居装饰
21462,"NURSERY A,B,C PAINTED LETTERS",幼儿园ABC彩绘字母,装饰品
22496,SET OF 2 ROUND TINS DUTCH CHEESE,荷兰奶酪圆形罐2件套,厨房用品
84870C,GREEN GEISHA GIRL,绿色艺伎女孩,装饰品
84870B,BLUE GEISHA GIRL,蓝色艺伎女孩,装饰品
22765,NEWSPAPER STAND,报纸架,收纳用品
21351,CINAMMON & ORANGE WREATH,肉桂橙子花环,装饰品
22581,WOOD STOCKING CHRISTMAS SCANDISPOT,木质长筒袜圣诞斯堪的纳维亚风格,装饰品
22579,WOODEN TREE CHRISTMAS SCANDINAVIAN,木质树形圣诞斯堪的纳维亚装饰,装饰品
22572,ROCKING HORSE GREEN CHRISTMAS,绿色摇马圣诞装饰,装饰品
22640,SET OF 4 NAPKIN CHARMS 3 KEYS,3把钥匙餐巾扣4件套,厨房用品
22641,SET OF 4 NAPKIN CHARMS INSTRUMENT,乐器餐巾扣4件套,厨房用品
22638,SET OF 4 NAPKIN CHARMS CROWNS,皇冠餐巾扣4件套,厨房用品
22576,SWALLOW WOODEN CHRISTMAS DECORATION,燕子木质圣诞装饰,装饰品
21817,GLITTER CHRISTMAS TREE,闪粉圣诞树,装饰品
21813,GARLAND WITH STARS AND BELLS,星星铃铛花环,装饰品
21808,"CHRISTMAS GARLAND STARS,TREES",圣诞星星树木花环,装饰品
21014,SWISS CHALET TREE DECORATION,瑞士小屋树形装饰,装饰品
21018,BIRD BOX CHRISTMAS TREE DECORATION,鸟巢圣诞树装饰,装饰品
22946,WOODEN ADVENT CALENDAR CREAM,奶油色木质降临节日历,装饰品
22660,DOORMAT I LOVE LONDON,我爱伦敦门垫,家居装饰
21761,WOOD AND GLASS MEDICINE CABINET,木质玻璃医药箱,收纳用品
21781,MA CAMPAGNE CUTLERY BOX,我的乡村餐具盒,厨房用品
22696,WICKER WREATH LARGE,大号柳条花环,装饰品
84360,TABLE LAMP WHITE SHADE WOOD BASE,白色灯罩木底座台灯,家居装饰
35954,SMALL FOLKART STAR CHRISTMAS DEC,小民俗星星圣诞装饰,装饰品
84760S,SMALL HANGING GLASS+ZINC LANTERN,小挂式玻璃锌制灯笼,家居装饰
85045,GREEN CHRISTMAS TREE STRING 20LIGHT,绿色圣诞树灯串20灯,装饰品
35598B,BLACK CHRISTMAS TREE 60CM,黑色圣诞树60厘米,装饰品
22578,WOODEN STAR CHRISTMAS SCANDINAVIAN,木质星星圣诞斯堪的纳维亚装饰,装饰品
22855,FINE WICKER HEART,精美柳条心形装饰,装饰品
21864,UNION JACK FLAG PASSPORT COVER,英国国旗护照套,生活用品
15056P,EDWARDIAN PARASOL PINK,爱德华时代粉色阳伞,生活用品
85174,S/4 CACTI CANDLES,仙人掌蜡烛4件套,家居装饰
82615,PINK MARSHMALLOW SCARF KNITTING KIT,粉色棉花糖围巾编织套装,手工用品
85038,6 CHOCOLATE LOVE HEART T-LIGHTS,6个巧克力爱心茶蜡,家居装饰
22965,3 TRADITIONAL COOKIE CUTTERS  SET,3件套传统饼干模具,厨房用品
21374,MIRRORED WALL ART SKULLS,镜面墙艺骷髅头,装饰品
21509,COWBOYS AND INDIANS BIRTHDAY CARD,牛仔与印第安人生日贺卡,派对用品
22025,RING OF ROSES BIRTHDAY CARD,玫瑰花环生日贺卡,派对用品
22725,ALARM CLOCK BAKELIKE CHOCOLATE,电木巧克力色闹钟,生活用品
37448,CERAMIC CAKE DESIGN SPOTTED MUG,陶瓷蛋糕斑点设计马克杯,厨房用品
22421,LIPSTICK PEN FUSCHIA,唇膏笔紫红色,生活用品
21136,PAINTED METAL PEARS ASSORTED,彩绘金属梨子混装,装饰品
71477,COLOUR GLASS. STAR T-LIGHT HOLDER,彩色玻璃星星茶蜡座,家居装饰
22030,SWALLOWS GREETING CARD,燕子贺卡,派对用品
90214M,"LETTER ""M"" BLING KEY RING",字母'M'闪钻钥匙扣,生活用品
90214V,"LETTER ""V"" BLING KEY RING",字母'V'闪钻钥匙扣,生活用品
90214S,"LETTER ""S"" BLING KEY RING",字母'S'闪钻钥匙扣,生活用品
21789,KIDS RAIN MAC PINK,儿童粉色雨衣,生活用品
21629,SQUARE FLOOR CUSHION VINTAGE RED,方形地板靠垫复古红色,家居装饰
21850,BLUE  DIAMANTE PEN IN GIFT BOX,蓝色钻石笔礼盒装,生活用品
20978,36 PENCILS TUBE SKULLS,36支装骷髅头铅笔筒,生活用品
20768,GREEN FERN JOURNAL,绿色蕨类植物日记本,生活用品
20780,BLACK EAR MUFF HEADPHONES,黑色耳罩式耳机,生活用品
21643,ASSORTED TUTTI FRUTTI MIRROR,杂色水果镜子,家居装饰
21620,SET OF 4 ROSE BOTANICAL CANDLES,4件套玫瑰植物蜡烛,家居装饰
22260,FELT EGG COSY BLUE RABBIT,蓝色兔子毛毡鸡蛋套,厨房用品
22136,LOVE HEART SOCK HANGER,爱心袜子晾架,收纳用品
10135,COLOURING PENCILS BROWN TUBE,棕色管装彩色铅笔,手工用品
16168M,FUNKY MONKEY GIFT BAG MEDIUM,时髦猴子礼品袋中号,购物袋
17014A,ORIGAMI VANILLA INCENSE CONES,折纸香草香薰锥,家居装饰
17084N,FAIRY DREAMS INCENSE,仙女梦境香薰,家居装饰
17084P,DRAGONS BLOOD INCENSE,龙血香薰,家居装饰
20617,FIRST CLASS PASSPORT COVER,头等舱护照套,生活用品
20619,TROPICAL PASSPORT COVER,热带风情护照套,生活用品
20653,CHERRY BLOSSOM LUGGAGE TAG,樱花行李牌,生活用品
20682,RED RETROSPOT CHILDRENS UMBRELLA,红色复古波点儿童雨伞,生活用品
20696,FLORAL SOFT CAR TOY,花卉柔软汽车玩具,装饰品
20699,MOUSEY LONG LEGS SOFT TOY,长腿老鼠软玩具,装饰品
20700,GREEN CAT FLORAL CUSHION COVER,绿色猫咪花卉靠垫套,家居装饰
20718,RED RETROSPOT SHOPPER BAG,红色复古波点购物袋,购物袋
20761,BLUE PAISLEY SKETCHBOOK,蓝色佩斯利草图本,生活用品
20846,ZINC HEART LATTICE T-LIGHT HOLDER,锌制心形网格小烛台,家居装饰
20931,BLUE POT PLANT CANDLE,蓝色盆栽蜡烛,家居装饰
21002,ROSE DU SUD DRAWSTRING BAG,南方玫瑰束口袋,收纳用品
21015,DARK BIRD HOUSE TREE DECORATION,深色鸟屋树装饰,装饰品
21067,VINTAGE RED TEATIME MUG,复古红色下午茶马克杯,厨房用品
21109,"LARGE CAKE TOWEL, CHOCOLATE SPOTS",大号蛋糕毛巾，巧克力斑点,厨房用品
21110,LARGE CAKE TOWEL PINK SPOTS,大号蛋糕毛巾粉色斑点,厨房用品
21128,GOLD FISHING GNOME,金色钓鱼地精,装饰品
21164,HOME SWEET HOME METAL SIGN,甜蜜之家金属标牌,家居装饰
21220,SET/4 BADGES DOGS,狗狗徽章套装/4个,生活用品
21272,SALLE DE BAIN HOOK,浴室挂钩,家居装饰
21279,VINTAGE KITCHEN PRINT FRUITS,复古厨房水果印刷画,家居装饰
21281,VINTAGE KITCHEN PRINT SEAFOOD,复古厨房海鲜印刷画,家居装饰
21288,STRIPEY CHOCOLATE NESTING BOXES,条纹巧克力嵌套盒,收纳用品
21356,TOAST ITS - FAIRY FLOWER,烤面包片模具 - 仙女花,厨房用品
21439,BASKET OF TOADSTOOLS,毒菌篮子,装饰品
21447,12 IVORY ROSE PEG PLACE SETTINGS,12个象牙色玫瑰挂钩餐具位,厨房用品
21537,RED RETROSPOT PUDDING BOWL,红色复古波点布丁碗,厨房用品
21547,CERAMIC BIRDHOUSE CRESTED TIT SMALL,陶瓷凤头山雀小鸟屋小号,装饰品
21594,Dr. Jam's Arouzer Stress Ball,Jam博士的解压球,生活用品
21638,ASSORTED TUTTI FRUTTI NOTEBOOK,什锦水果笔记本,生活用品
21648,ASSORTED TUTTI FRUTTI SMALL PURSE,什锦水果小钱包,生活用品
21656,RIDGED GLASS POSY VASE,棱纹玻璃小花瓶,家居装饰
21671,RED SPOT CERAMIC DRAWER KNOB,红色圆点陶瓷抽屉拉手,家居装饰
21684,SMALL MEDINA STAMPED METAL BOWL,小号麦地那压花金属碗,厨房用品
21698,MOCK LOBSTER FRIDGE MAGNET,仿龙虾冰箱贴,装饰品
21700,BIG DOUGHNUT FRIDGE MAGNETS,大号甜甜圈冰箱贴,装饰品
21745,GAOLERS KEYS DECORATIVE GARDEN,狱卒钥匙装饰花园,装饰品
21775,DECORATIVE FLORE BATHROOM BOTTLE,装饰性佛罗伦萨浴室瓶,家居装饰
21820,GLITTER HEART GARLAND WITH BELLS,带铃铛的闪心花环,派对用品
21830,ASSORTED CREEPY CRAWLIES,什锦爬虫玩具,装饰品
21846,PINK DIAMANTE PEN IN GIFT BOX,粉色钻石笔礼盒装,生活用品
21868,POTTING SHED TEA MUG,盆栽棚茶杯,厨房用品
21875,KINGS CHOICE MUG,国王之选马克杯,厨房用品
21896,POTTING SHED TWINE,盆栽棚麻绳,手工用品
21899,"KEY FOB , GARAGE DESIGN",钥匙扣，车库设计,生活用品
21906,PHARMACIE FIRST AID TIN,药房急救罐,生活用品
21908,CHOCOLATE THIS WAY METAL SIGN,巧克力这边走金属标牌,装饰品
21974,SET OF 36 PAISLEY FLOWER DOILIES,36件套佩斯利花卉桌垫,家居装饰
22078,RIBBON REEL LACE DESIGN,蕾丝设计丝带卷,手工用品
22084,PAPER CHAIN KIT EMPIRE,帝国纸链套装,派对用品
22091,EMPIRE TISSUE BOX,帝国纸巾盒,家居装饰
22124,SET OF 2 TEA TOWELS PING MICROWAVE,2件套微波炉茶巾,厨房用品
22165,"DIAMANTE HEART SHAPED WALL MIRROR,",钻石心形壁镜,家居装饰
22184,CAKE STAND VICTORIAN FILIGREE LARGE,维多利亚花纹大号蛋糕架,厨房用品
22208,WOOD STAMP SET THANK YOU,木质感谢印章套装,手工用品
22246,MAGIC GARDEN FELT GARLAND,魔法花园毛毡花环,派对用品
22283,6 EGG HOUSE PAINTED WOOD,6个彩绘木制蛋屋,装饰品
22308,TEA COSY BLUE STRIPE,蓝色条纹茶壶套,厨房用品
22317,FIVE CATS HANGING DECORATION,五只猫咪挂饰,装饰品
22325,MOBILE VINTAGE HEARTS,复古爱心挂饰,装饰品
22331,WOODLAND PARTY BAG + STICKER SET,林地派对袋+贴纸套装,派对用品
22342,HOME GARLAND PAINTED ZINC,家居彩锌花环,家居装饰
22350,ILLUSTRATED CAT BOWL,插画猫咪碗,厨房用品
22393,PAPERWEIGHT VINTAGE COLLAGE,复古拼贴纸镇,家居装饰
22405,MONEY BOX POCKET MONEY DESIGN,零钱盒零花钱设计,生活用品
22409,MONEY BOX BISCUITS DESIGN,饼干设计零钱盒,生活用品
22420,LIPSTICK PEN BABY PINK,唇彩笔婴儿粉,生活用品
22425,ENAMEL COLANDER CREAM,奶油色搪瓷滤网,厨房用品
22458,CAST IRON HOOK GARDEN FORK,铸铁花园叉挂钩,家居装饰
22459,CAST IRON HOOK GARDEN TROWEL,铸铁花园铲挂钩,家居装饰
22499,WOODEN UNION JACK BUNTING,木质英国国旗彩旗,装饰品
22503,CABIN BAG VINTAGE PAISLEY,复古佩斯利登机箱,生活用品
22536,MAGIC DRAWING SLATE PURDEY,魔法画板Purdey,生活用品
22586,FELTCRAFT HAIRBAND PINK AND BLUE,粉色蓝色毛毡发带,生活用品
22602,CHRISTMAS RETROSPOT HEART WOOD,圣诞复古波点爱心木饰,装饰品
22649,STRAWBERRY FAIRY CAKE TEAPOT,草莓仙女蛋糕茶壶,厨房用品
22668,PINK BABY BUNTING,粉色婴儿彩旗,装饰品
22673,FRENCH GARDEN SIGN BLUE METAL,蓝色金属法式花园标牌,装饰品
22746,POPPY'S PLAYHOUSE LIVINGROOM,Poppy游戏屋客厅,装饰品
22747,POPPY'S PLAYHOUSE BATHROOM,Poppy游戏屋浴室,装饰品
22756,LARGE YELLOW BABUSHKA NOTEBOOK,大号黄色套娃笔记本,生活用品
22788,BROCANTE COAT RACK,复古衣帽架,家居装饰
22831,WHITE BROCANTE SOAP DISH,白色复古皂碟,家居装饰
22841,ROUND CAKE TIN VINTAGE GREEN,复古绿色圆形蛋糕罐,厨房用品
22863,SOAP DISH BROCANTE,复古皂碟,家居装饰
22870,NUMBER TILE COTTAGE GARDEN 2,数字瓷砖乡村花园2,装饰品
22890,NOVELTY BISCUITS CAKE STAND 3 TIER,新奇饼干三层蛋糕架,厨房用品
22897,OVEN MITT APPLES DESIGN,苹果设计烤箱手套,厨房用品
22898,CHILDRENS APRON APPLES DESIGN,儿童苹果图案围裙,厨房用品
22977,DOLLY GIRL CHILDRENS EGG CUP,洋娃娃儿童蛋杯,厨房用品
35637A,IVORY STRING CURTAIN WITH POLE,象牙色线帘带杆,家居装饰
35916B,BLUE FELT HANGING HEART W FLOWER,蓝色毛毡挂心带花,装饰品
35916C,PINK FELT HANGING HEART W FLOWER,粉色毛毡挂心带花,装饰品
35964,FOLKART CLIP ON STARS,民间艺术星星夹子,装饰品
35965,FOLKART HEART NAPKIN RINGS,民间艺术心形餐巾环,家居装饰
35967,FOLK ART METAL STAR T-LIGHT HOLDER,民间艺术金属星星小烛台,家居装饰
37450,CERAMIC CAKE BOWL + HANGING CAKES,陶瓷蛋糕碗+悬挂蛋糕,厨房用品
37491A,YELLOW/PINK CERAMIC CANDLE HOLDER,黄色/粉色陶瓷烛台,家居装饰
46775D,SUNSET COLOUR CHUNKY KNITTED THROW,日落色粗针织毯,家居装饰
46776B,WOVEN BERRIES CUSHION COVER,编织浆果靠垫套,家居装饰
47566B,TEA TIME PARTY BUNTING,茶时光派对彩旗,派对用品
47567B,TEA TIME KITCHEN APRON,茶时光厨房围裙,厨房用品
47590A,BLUE HAPPY BIRTHDAY BUNTING,蓝色生日快乐彩旗,派对用品
47590B,PINK HAPPY BIRTHDAY BUNTING,粉色生日快乐彩旗,派对用品
47594A,CAROUSEL DESIGN WASHBAG,旋转木马设计洗漱包,生活用品
70006,LOVE HEART POCKET WARMER,爱心口袋暖手宝,生活用品
71496A,A4 WALL TIDY BLUE OFFICE,A4墙面收纳盒蓝色办公,收纳用品
72134,COLUMBIAN  CUBE CANDLE,哥伦比亚方块蜡烛,家居装饰
79067,CORONA MEXICAN TRAY,科罗娜墨西哥托盘,厨房用品
82582,AREA PATROLLED METAL SIGN,区域巡逻金属标牌,装饰品
82599,FANNY'S REST STOPMETAL SIGN,范尼休息站金属标牌,装饰品
82616C,MIDNIGHT GLAMOUR SCARF KNITTING KIT,午夜魅力围巾编织套装,手工用品
84459B,YELLOW METAL CHICKEN HEART,黄色金属鸡心装饰,装饰品
84520B,PACK 20 ENGLISH ROSE PAPER NAPKINS,20张装英伦玫瑰纸餐巾,派对用品
84559A,3D SHEET OF DOG STICKERS,3D狗狗贴纸页,装饰品
84559B,3D SHEET OF CAT STICKERS,3D猫咪贴纸页,装饰品
84596J,MIXED NUTS LIGHT GREEN BOWL,混合坚果浅绿色碗,厨房用品
84609,TALL ROCOCO CANDLE HOLDER,高款洛可可烛台,家居装饰
84659A,WHITE TRAVEL ALARM CLOCK,白色旅行闹钟,生活用品
84663A,GRASS HOPPER WOODEN WALL CLOCK,蚱蜢木质挂钟,家居装饰
84828,JUNGLE POPSICLES ICE LOLLY HOLDERS,丛林冰棒冰棍托架,厨房用品
84856L,LARGE TAHITI BEACH BAG,大溪地海滩大包,购物袋
84915,HAND TOWEL PINK FLOWER AND DAISY,粉色花朵雏菊手巾,生活用品
84950,ASSORTED COLOUR T-LIGHT HOLDER,彩色小夜灯烛台,家居装饰
84976,RECTANGULAR SHAPED MIRROR,矩形镜子,家居装饰
85008,SET OF 3 CONEY ISLAND OVAL BOXES,康尼岛椭圆盒子3件套,收纳用品
85040B,SET/4 BLUE FLOWER CANDLES IN BOWL,碗装蓝色花朵蜡烛4件套,家居装饰
85053,FRENCH ENAMEL CANDLEHOLDER,法式珐琅烛台,家居装饰
85114A,BLACK ENCHANTED FOREST PLACEMAT,黑色魔法森林餐垫,厨房用品
85131D,BEADED CRYSTAL HEART PINK ON STICK,粉色水晶串珠爱心棒,装饰品
85170D,SET/6 PINK BIRD T-LIGHT CANDLES,粉色小鸟小夜灯蜡烛6件套,家居装饰
85212,MINI PAINTED GARDEN DECORATION,迷你彩绘花园装饰,装饰品
85227,SET OF 6 3D KIT CARDS FOR KIDS,儿童3D立体卡片制作套装6件,手工用品
85232D,SET/3 DECOUPAGE STACKING TINS,堆叠贴花铁盒3件套,收纳用品
90013B,BLACK VINTAGE EARRINGS,黑色复古耳环,装饰品
90018B,GOLD M.O.P ORBIT DROP EARRINGS,金色珍珠母贝轨道吊坠耳环,装饰品
90019B,GOLD M.O.P ORBIT BRACELET,金色珍珠母贝轨道手链,装饰品
90024C,NEW BAROQUE B'FLY NECKLACE GREEN,新巴洛克蝴蝶项链绿色,装饰品
90036F,"FLOWER GLASS GARLD NECKL36""TURQUOIS",花朵玻璃珠项链36英寸绿松石,装饰品
90040B,MURANO STYLE GLASS BRACELET BLACK,穆拉诺风格黑色玻璃手链,装饰品
90051,CRACKED GLAZE NECKLACE RED,裂纹釉红色项链,装饰品
90054,CRACKED GLAZE EARRINGS RED,裂纹釉红色耳环,装饰品
90077,BLACK DIAMOND CLUSTER EARRINGS,黑色钻石簇耳环,装饰品
90124B,BLUE MURANO TWIST NECKLACE,蓝色穆拉诺扭纹项链,装饰品
90138,WHITE/PINK MINI CRYSTALS NECKLACE,白色/粉色迷你水晶项链,装饰品
90161B,ANT COPPER TURQ BOUDICCA BRACELET,古铜绿松石布迪卡手链,装饰品
90166,PINK & WHITE ROSEBUD RING,粉白玫瑰花蕾戒指,装饰品
90173,PAIR BUTTERFLY HAIR CLIPS,蝴蝶发夹一对,装饰品
90177C,DROP DIAMANTE EARRINGS CRYSTAL,水晶钻石水滴耳环,装饰品
90177E,DROP DIAMANTE EARRINGS GREEN,绿色钻石水滴耳环,装饰品
90181B,AMETHYST GLASS/SHELL/PEARL NECKLACE,紫晶玻璃/贝壳/珍珠项链,装饰品
90192,JADE DROP EARRINGS W FILIGREE,翡翠吊坠耳环配金银丝,装饰品
90206C,CRYSTAL DIAMANTE STAR BROOCH,水晶钻石星星胸针,装饰品
90211A,DIAMOND LAS VEGAS NECKLACE 45CM,钻石拉斯维加斯项链45厘米,装饰品
90214A,"LETTER ""A"" BLING KEY RING","字母""A""闪亮钥匙扣",装饰品
90214E,"LETTER ""E"" BLING KEY RING","字母""E""闪亮钥匙扣",装饰品
20970,PINK FLORAL FELTCRAFT SHOULDER BAG,粉色花朵毡艺肩包,购物袋
84658,WHITE STITCHED CUSHION COVER,白色缝线靠垫套,家居装饰
22448,PIN CUSHION BABUSHKA RED,红色套娃针插,手工用品
22447,PIN CUSHION BABUSHKA BLUE,蓝色套娃针插,手工用品
22446,PIN CUSHION BABUSHKA PINK,粉色套娃针插,手工用品
20665,RED RETROSPOT PURSE,红色波点钱包,生活用品
21472,LADYBIRD + BEE RAFFIA FOOD COVER,瓢虫+蜜蜂拉菲草食物罩,厨房用品
21877,HOME SWEET HOME MUG,甜蜜之家马克杯,厨房用品
22524,CHILDRENS GARDEN GLOVES BLUE,儿童园艺手套蓝色,生活用品
20765,CHRYSANTHEMUM SKETCHBOOK,菊花素描本,生活用品
21624,VINTAGE UNION JACK DOORSTOP,复古英国国旗门挡,家居装饰
84926A,WAKE UP COCKEREL TILE COASTER,起床公鸡瓷砖杯垫,厨房用品
85035C,ROSE 3 WICK MORRIS BOX CANDLE,玫瑰三芯莫里斯盒装蜡烛,家居装饰
72803A,ROSE SCENT CANDLE JEWELLED DRAWER,玫瑰香薰蜡烛珠宝抽屉,家居装饰
40001,WHITE BAMBOO RIBS LAMPSHADE,白色竹肋灯罩,家居装饰
22220,CAKE STAND LOVEBIRD 2 TIER WHITE,爱情鸟双层白色蛋糕架,厨房用品
85034A,3 GARDENIA MORRIS BOXED CANDLES,3个栀子花莫里斯盒装蜡烛,家居装饰
72798C,SET/4 GARDEN ROSE DINNER CANDLE,花园玫瑰晚餐蜡烛4件套,家居装饰
35271S,GOLD PRINT PAPER BAG,金色印花纸袋,其他
21380,WOODEN HAPPY BIRTHDAY GARLAND,木质生日快乐花环,派对用品
21221,SET/4 BADGES CUTE CREATURES,可爱生物徽章4件套,装饰品
20755,BLUE PAISLEY POCKET BOOK,蓝色佩斯利口袋书,生活用品
21421,PORCELAIN ROSE LARGE,瓷玫瑰大号,装饰品
21422,PORCELAIN ROSE SMALL,瓷玫瑰小号,装饰品
22617,BAKING SET SPACEBOY DESIGN,太空男孩设计烘焙套装,厨房用品
21364,PEACE SMALL WOOD LETTERS,和平小木字母,装饰品
21042,RED RETROSPOT APRON,红色波点围裙,厨房用品
22272,FELTCRAFT DOLL MARIA,毡艺娃娃玛丽亚,装饰品
21172,PARTY METAL SIGN,派对金属标牌,派对用品
72760B,VINTAGE CREAM 3 BASKET CAKE STAND,复古奶油色三层蛋糕架,厨房用品
22365,DOORMAT RESPECTABLE HOUSE,体面人家门垫,家居装饰
22507,MEMO BOARD RETROSPOT  DESIGN,波点设计备忘录板,收纳用品
62096A,PINK/YELLOW FLOWERS HANDBAG,粉黄花朵手提包,购物袋
85071D,CHARLIE+LOLA MY ROOM DOOR SIGN,查理和萝拉我的房间门牌,家居装饰
22044,CHRISTMAS CARD STACK OF PRESENTS,圣诞卡礼物堆叠,派对用品
21918,SET 12 KIDS COLOUR  CHALK STICKS,12色儿童粉笔套装,手工用品
22029,SPACEBOY BIRTHDAY CARD,太空男孩生日卡,派对用品
21360,JOY LARGE WOOD LETTERS,欢乐大木字母,装饰品
84077,WORLD WAR 2 GLIDERS ASSTD DESIGNS,二战滑翔机多种设计,其他
84792,ENCHANTED BIRD COATHANGER 5 HOOK,魔法鸟衣架5钩,家居装饰
85175,CACTI T-LIGHT CANDLES,仙人掌小夜灯蜡烛,家居装饰
20893,HANGING BAUBLE T-LIGHT HOLDER SMALL,悬挂球形茶烛台 小号,家居装饰
22440,BALLOON WATER BOMB PACK OF 35,水气球炸弹 35个装,派对用品
22434,BALLOON PUMP WITH 10 BALLOONS,气球泵含10个气球,派对用品
22564,ALPHABET STENCIL CRAFT,字母模板手工,手工用品
21215,IVORY PAPER CUP CAKE CASES,象牙色纸杯蛋糕杯,厨房用品
21058,PARTY INVITES WOODLAND,林地主题派对邀请函,派对用品
21060,PARTY INVITES BALLOON GIRL,气球女孩派对邀请函,派对用品
21719,LOVELY BONBON STICKER SHEET,可爱棒棒糖贴纸页,手工用品
84826,ASSTD DESIGN 3D PAPER STICKERS,多款设计3D立体贴纸,手工用品
21881,CUTE CATS TAPE,可爱猫咪胶带,手工用品
22491,PACK OF 12 COLOURED PENCILS,12色彩色铅笔套装,手工用品
21355,TOAST ITS - I LOVE YOU,吐司机留言贴 - 我爱你,生活用品
21518,BANK ACCOUNT  GREETING  CARD,银行账户问候卡,生活用品
22023,EMPIRE BIRTHDAY CARD,帝国生日贺卡,生活用品
22027,TEA PARTY BIRTHDAY CARD,茶话会生日贺卡,生活用品
22718,CARD CAT AND TREE,猫和树贺卡,生活用品
22717,CARD DOG AND BALL,狗和球贺卡,生活用品
22028,PENNY FARTHING BIRTHDAY CARD,老式自行车生日贺卡,生活用品
21669,BLUE STRIPE CERAMIC DRAWER KNOB,蓝色条纹陶瓷抽屉拉手,家居装饰
21673,WHITE SPOT BLUE CERAMIC DRAWER KNOB,蓝底白点陶瓷抽屉拉手,家居装饰
22460,EMBOSSED GLASS TEALIGHT HOLDER,浮雕玻璃茶烛台,家居装饰
22433,WATERING CAN GREEN DINOSAUR,绿色恐龙浇水壶,生活用品
22431,WATERING CAN BLUE ELEPHANT,蓝色大象浇水壶,生活用品
84674,FLYING PIG WATERING CAN,飞天小猪浇水壶,生活用品
22676,FRENCH BLUE METAL DOOR SIGN 1,法式蓝色金属门牌1号,家居装饰
22672,FRENCH BATHROOM SIGN BLUE METAL,法式浴室标志蓝色金属,家居装饰
22777,GLASS BELL JAR LARGE,大号玻璃钟罩,家居装饰
22924,FRIDGE MAGNETS LA VIE EN ROSE,玫瑰人生冰箱贴,装饰品
22832,BROCANTE SHELF WITH HOOKS,复古风格带钩架子,收纳用品
22170,PICTURE FRAME WOOD TRIPLE PORTRAIT,木质三联肖像相框,家居装饰
21428,SET3 BOOK BOX GREEN GINGHAM FLOWER,套装3个绿格子花朵书盒,收纳用品
22840,ROUND CAKE TIN VINTAGE RED,复古红色圆形蛋糕罐,厨房用品
79191C,RETRO PLASTIC ELEPHANT TRAY,复古塑料大象托盘,家居装饰
47471,RAINBOW PEGS PHOTO CLIP STRING,彩虹夹子照片挂绳,家居装饰
16046,TEATIME PEN CASE & PENS,茶时光笔袋和笔,生活用品
22796,PHOTO FRAME 3 CLASSIC HANGING,经典悬挂三联相框,家居装饰
22733,3D TRADITIONAL CHRISTMAS STICKERS,3D传统圣诞贴纸,装饰品
22896,PEG BAG APPLES DESIGN,苹果设计晾衣夹袋,生活用品
20967,GREY FLORAL FELTCRAFT SHOULDER BAG,灰色花卉毡艺肩包,生活用品
21430,SET/3 RED GINGHAM ROSE STORAGE BOX,套装3个红格子玫瑰收纳盒,收纳用品
22070,SMALL RED RETROSPOT MUG IN BOX,盒装小号红色复古波点马克杯,厨房用品
20983,12 PENCILS TALL TUBE RED RETROSPOT,12支红色复古波点高筒铅笔,手工用品
21527,RED RETROSPOT TRADITIONAL TEAPOT,红色复古波点传统茶壶,厨房用品
21538,DAIRY MAID  PUDDING BOWL,挤奶女工布丁碗,厨房用品
85216,ASSORTED CAKES FRIDGE MAGNETS,各式蛋糕冰箱贴,装饰品
22131,FOOD CONTAINER SET 3 LOVE HEART,爱心食品容器套装3件,厨房用品
21163,DO NOT TOUCH MY STUFF DOOR HANGER,请勿碰我物品门挂,家居装饰
21161,KEEP OUT BOYS DOOR HANGER,男孩止步门挂,家居装饰
21159,MOODY BOY  DOOR HANGER,情绪男孩门挂,家居装饰
21390,FILIGRIS HEART WITH BUTTERFLY,金银丝心形配蝴蝶装饰,装饰品
22285,"DECORATION HEN ON NEST, HANGING",巢中母鸡悬挂装饰,装饰品
22284,HEN HOUSE DECORATION,鸡舍装饰,装饰品
21383,PACK OF 12 STICKY BUNNIES,12只粘性小兔套装,派对用品
21381,MINI WOODEN HAPPY BIRTHDAY GARLAND,迷你木质生日快乐横幅,派对用品
22210,WOOD STAMP SET BEST WISHES,木质印章套装 祝福语,手工用品
22209,WOOD STAMP SET HAPPY BIRTHDAY,木质印章套装 生日快乐,手工用品
21872,GLAMOROUS  MUG,魅力马克杯,厨房用品
85035A,GARDENIA 3 WICK MORRIS BOXED CANDLE,栀子花三芯莫里斯盒装蜡烛,家居装饰
22761,CHEST 7 DRAWER MA CAMPAGNE,七层抽屉柜 我的乡村风格,收纳用品
22385,JUMBO BAG SPACEBOY DESIGN,太空男孩设计大号购物袋,购物袋
22374,AIRLINE BAG VINTAGE JET SET RED,复古喷气机红色航空包,购物袋
21741,COSY SLIPPER SHOES LARGE GREEN,舒适拖鞋 大号绿色,生活用品
85061W,WHITE JEWELLED HEART DECORATION,白色珠饰心形装饰,装饰品
40016,CHINESE DRAGON PAPER LANTERNS,中国龙纸灯笼,装饰品
21064,BOOM BOX SPEAKER BOYS,男孩用音响扬声器,生活用品
84341B,SMALL PINK MAGIC CHRISTMAS TREE,小型粉色魔法圣诞树,装饰品
84509G,SET OF 4 FAIRY CAKE PLACEMATS,4个仙女蛋糕餐垫套装,厨房用品
16235,RECYCLED PENCIL WITH RABBIT ERASER,带兔子橡皮回收铅笔,手工用品
20986,BLUE CALCULATOR RULER,蓝色计算器尺,生活用品
20832,RED FLOCK LOVE HEART PHOTO FRAME,红色绒面爱心相框,家居装饰
84846A,SCENTED CANDLE IN DIGITALIS TIN,毛地黄铁盒香薰蜡烛,家居装饰
22442,GROW YOUR OWN FLOWERS SET OF 3,自己种花套装3件,生活用品
20798,CLEAR MILKSHAKE GLASS,透明奶昔杯,厨房用品
22320,BIRDS MOBILE VINTAGE DESIGN,复古设计鸟类风铃,家居装饰
21561,DINOSAUR LUNCH BOX WITH CUTLERY,恐龙午餐盒含餐具,生活用品
85132B,CHARLIE AND LOLA TABLE TINS,查理和罗拉桌用铁盒,收纳用品
85132C,CHARLIE AND LOLA FIGURES TINS,查理和罗拉人偶铁盒,收纳用品
22215,CAKE STAND WHITE TWO TIER LACE,白色双层蕾丝蛋糕架,厨房用品
21987,PACK OF 6 SKULL PAPER CUPS,6个骷髅纸杯套装,派对用品
21988,PACK OF 6 SKULL PAPER PLATES,6个骷髅纸盘套装,派对用品
21989,PACK OF 20 SKULL PAPER NAPKINS,20个骷髅纸巾套装,派对用品
22316,200 BENDY SKULL STRAWS,200根弯曲骷髅吸管,派对用品
22332,SKULLS PARTY BAG + STICKER SET,骷髅派对袋+贴纸套装,派对用品
22806,SET OF 6 T-LIGHTS WEDDING CAKE,6个婚礼蛋糕造型小烛灯套装,家居装饰
22893,MINI CAKE STAND T-LIGHT HOLDER,迷你蛋糕架茶烛台,家居装饰
21784,SHOE SHINE BOX,擦鞋盒,生活用品
22849,BREAD BIN DINER STYLE MINT,薄荷色餐厅风格面包盒,厨房用品
17090D,VANILLA INCENSE 40 CONES IN TIN,香草味锥形香薰40支铁盒装,家居装饰
17090A,LAVENDER INCENSE 40 CONES IN TIN,薰衣草味锥形香薰40支铁盒装,家居装饰
72127,COLUMBIAN CANDLE ROUND,哥伦比亚圆形蜡烛,家居装饰
72133,COLUMBIAN CANDLE RECTANGLE,哥伦比亚长方形蜡烛,家居装饰
84763,ZINC FINISH 15CM PLANTER POTS,锌饰面15厘米花盆,生活用品
22450,SILK PURSE BABUSHKA BLUE,蓝色套娃丝绸钱包,生活用品
10124G,ARMY CAMO BOOKCOVER TAPE,军队迷彩书皮胶带,手工用品
84519B,CARROT CHARLIE+LOLA COASTER SET,胡萝卜查理+罗拉杯垫套装,厨房用品
22505,MEMO BOARD COTTAGE DESIGN,乡村风格备忘板,收纳用品
22514,CHILDS GARDEN SPADE BLUE,儿童园艺铲 蓝色,生活用品
21504,SKULLS GREETING CARD,骷髅贺卡,装饰品
22292,HANGING CHICK  YELLOW DECORATION,黄色小鸡挂饰,装饰品
21211,SET OF 72 SKULL PAPER  DOILIES,72张骷髅纸桌巾套装,派对用品
22045,SPACEBOY GIFT WRAP,太空男孩礼品包装纸,派对用品
90175C,BLUE GLASS CHUNKY CHARM BRACELET,蓝色玻璃厚实魅力手链,装饰品
90180A,BLACK+WHITE NECKLACE W TASSEL,黑白流苏项链,装饰品
90178A,AMBER CHUNKY GLASS+BEAD NECKLACE,琥珀色厚实玻璃珠项链,装饰品
22986,GINGHAM ROSE WRAP,格子玫瑰包装纸,派对用品
20984,12 PENCILS TALL TUBE POSY,12支铅笔高筒花束,生活用品
22436,12 COLOURED PARTY BALLOONS,12个彩色派对气球,派对用品
21465,PINK FLOWER CROCHET FOOD COVER,粉色花朵钩针食物罩,厨房用品
21470,FLOWER VINE RAFFIA FOOD COVER,花藤拉菲草食物罩,厨房用品
16012,FOOD/DRINK SPONGE STICKERS,食物饮料海绵贴纸,手工用品
85025C,PINK HEART SHAPE PHOTO FRAME,粉色心形相框,家居装饰
21849,SILVER DIAMANTE PEN IN GIFT BOX,银色水钻笔礼盒装,生活用品
85124B,BLUE JUICY FRUIT PHOTO FRAME,蓝色多汁水果相框,家居装饰
85124C,GREEN JUICY FRUIT PHOTO FRAME,绿色多汁水果相框,家居装饰
20828,GLITTER BUTTERFLY CLIPS,闪粉蝴蝶发夹,装饰品
21623,VINTAGE UNION JACK MEMOBOARD,复古英国国旗备忘录板,收纳用品
16156S,WRAP PINK FAIRY CAKES,粉色仙女蛋糕包装纸,派对用品
85049F,BABY BOOM RIBBONS,婴儿潮丝带,手工用品
22426,ENAMEL WASH BOWL CREAM,搪瓷洗脸盆奶油色,家居装饰
90082D,DIAMANTE BOW BROOCH BLACK COLOUR,黑色水钻蝴蝶结胸针,装饰品
90082A,DIAMANTE BOW BROOCH GREEN COLOUR,绿色水钻蝴蝶结胸针,装饰品
90082B,DIAMANTE BOW BROOCH RED COLOUR,红色水钻蝴蝶结胸针,装饰品
90081A,LILY BROOCH AMETHYST COLOUR,紫水晶色百合花胸针,装饰品
90204,PAIR OF ENAMEL BUTTERFLY HAIRCLIP,搪瓷蝴蝶发夹一对,装饰品
90185B,AMETHYST DIAMANTE EXPANDABLE RING,紫水晶水钻可调节戒指,装饰品
90195A,PURPLE GEMSTONE BRACELET,紫色宝石手链,装饰品
90195B,BLACK GEMSTONE BRACELET,黑色宝石手链,装饰品
90196A,PURPLE GEMSTONE NECKLACE 45CM,紫色宝石项链45厘米,装饰品
90199A,5 STRAND GLASS NECKLACE BLACK,5串玻璃珠黑色项链,装饰品
90186A,AMETHYST HOOP EARRING FLORAL LEAF,紫水晶花卉叶子耳环,装饰品
20894,HANGING BAUBLE T-LIGHT HOLDER LARGE,大型挂饰茶烛台,家居装饰
85106,CUT GLASS HEXAGON T-LIGHT HOLDER,切割玻璃六角形茶烛台,家居装饰
21415,CLAM SHELL SMALL,小号蛤蜊壳,家居装饰
21416,CLAM SHELL LARGE,大号蛤蜊壳,家居装饰
21417,COCKLE SHELL DISH,鸟蛤壳碟,家居装饰
22343,PARTY PIZZA DISH RED RETROSPOT,派对披萨盘红色波点复古,厨房用品
22474,SPACEBOY TV DINNER TRAY,太空男孩电视晚餐托盘,厨房用品
18097A,PINK TALL PORCELAIN T-LIGHT HOLDER,粉色高瓷茶烛台,家居装饰
18097C,WHITE TALL PORCELAIN T-LIGHT HOLDER,白色高瓷茶烛台,家居装饰
21902,"KEY FOB , FRONT  DOOR",前门钥匙扣,生活用品
21901,"KEY FOB , BACK DOOR",后门钥匙扣,生活用品
21948,SET OF 6 CAKE CHOPSTICKS,6双蛋糕筷子套装,厨房用品
20759,CHRYSANTHEMUM POCKET BOOK,菊花口袋书,生活用品
20760,GARDEN PATH POCKET BOOK,花园小径口袋书,生活用品
20757,RED DAISY POCKET BOOK,红色雏菊口袋书,生活用品
85185D,FROG SOCK PUPPET,青蛙袜子玩偶,装饰品
85185B,PINK HORSE SOCK PUPPET,粉色小马袜子玩偶,装饰品
22439,6 ROCKET BALLOONS,6个火箭气球,派对用品
79164,BLACK WINE GLASS,黑色葡萄酒杯,厨房用品
84683,CLASSICAL ROSE CANDLESTAND,古典玫瑰烛台,家居装饰
79163,BLACK CHAMPAGNE GLASS,黑色香槟杯,厨房用品
22175,PINK OWL SOFT TOY,粉色猫头鹰毛绒玩具,装饰品
21155,RED RETROSPOT PEG BAG,红色波点复古晾衣夹袋,生活用品
15060B,FAIRY CAKE DESIGN UMBRELLA,仙女蛋糕设计雨伞,生活用品
22985,"WRAP, BILLBOARD FONTS DESIGN",广告牌字体设计包装纸,派对用品
22821,GIFT BAG PSYCHEDELIC APPLES,迷幻苹果礼品袋,派对用品
22705,WRAP GREEN PEARS,绿色梨子包装纸,派对用品
72801C,4 ROSE PINK DINNER CANDLES,4支玫瑰粉色晚餐蜡烛,家居装饰
72801D,4 SKY BLUE DINNER CANDLES,4支天蓝色晚餐蜡烛,家居装饰
21735,TWO DOOR CURIO CABINET,双门古董陈列柜,收纳用品
15036,ASSORTED COLOURS SILK FAN,彩色丝绸扇,装饰品
21539,RED RETROSPOT BUTTER DISH,红色波点复古黄油碟,厨房用品
22341,LOVE GARLAND PAINTED ZINC,爱心花环彩绘锌制品,装饰品
22452,MEASURING TAPE BABUSHKA PINK,粉色套娃卷尺,生活用品
21508,VINTAGE KID DOLLY CARD,复古娃娃卡片,装饰品
84952C,MIRROR LOVE BIRD T-LIGHT HOLDER,爱情鸟镜子茶烛台,家居装饰
84952B,BLACK LOVE BIRD T-LIGHT HOLDER,黑色爱情鸟茶烛台,家居装饰
35001G,HAND OPEN SHAPE GOLD,金色张开手形状,装饰品
22264,FELT FARM ANIMAL WHITE BUNNY,白色兔子毛毡农场动物,装饰品
22181,SNOWSTORM PHOTO FRAME FRIDGE MAGNET,暴风雪相框冰箱贴,家居装饰
21268,VINTAGE BLUE TINSEL REEL,复古蓝色金属丝卷轴,装饰品
85144,JARDIN ETCHED GLASS BUTTER DISH,花园蚀刻玻璃黄油碟,厨房用品
21025,SPACE FROG,太空青蛙,装饰品
21031,SPACE CADET BLACK,黑色太空学员,装饰品
21030,SPACE CADET RED,红色太空学员,装饰品
21026,SPACE OWL,太空猫头鹰,装饰品
21032,SPACE CADET WHITE,白色太空学员,装饰品
21578,WOODLAND DESIGN  COTTON TOTE BAG,林地设计棉质手提袋,购物袋
21357,TOAST ITS - DINOSAUR,恐龙吐司机,厨房用品
20766,GARDEN PATH SKETCHBOOK,花园小径素描本,手工用品
22562,MONSTERS STENCIL CRAFT,怪物模板手工,手工用品
21714,CITRONELLA CANDLE GARDEN POT,香茅蜡烛花园盆,家居装饰
20751,FUNKY WASHING UP GLOVES ASSORTED,趣味洗碗手套混装,厨房用品
22636,CHILDS BREAKFAST SET CIRCUS PARADE,儿童马戏团游行早餐套装,厨房用品
21426,WOODLAND STORAGE BOX SMALL,小号林地收纳盒,收纳用品
21581,SKULLS  DESIGN  COTTON TOTE BAG,骷髅设计棉质手提袋,购物袋
90002D,FLOWER BURST SILVER RING CRYSTAL,花朵绽放水晶银戒指,装饰品
21900,"KEY FOB , SHED",工具棚钥匙扣,生活用品
22031,BOTANICAL LAVENDER BIRTHDAY CARD,植物薰衣草生日贺卡,装饰品
21788,KIDS RAIN MAC BLUE,儿童蓝色雨衣,生活用品
22408,MONEY BOX CONFECTIONERY DESIGN,糖果设计存钱罐,收纳用品
22406,MONEY BOX KINGS CHOICE DESIGN,国王之选设计存钱罐,收纳用品
22275,WEEKEND BAG VINTAGE ROSE PAISLEY,周末包复古玫瑰佩斯利,购物袋
22042,CHRISTMAS CARD SINGING ANGEL,圣诞卡唱歌天使,装饰品
22089,PAPER BUNTING VINTAGE PAISLEY,复古佩斯利纸质彩旗,派对用品
85066,CREAM SWEETHEART MINI CHEST,奶油色甜心迷你储物箱,收纳用品
21129,SILVER FISHING GNOME,银色钓鱼地精,装饰品
21059,PARTY INVITES DINOSAURS,恐龙派对邀请函,派对用品
22877,NUMBER TILE COTTAGE GARDEN 9,数字瓷砖小屋花园9,家居装饰
22869,NUMBER TILE COTTAGE GARDEN 1,数字瓷砖小屋花园1,家居装饰
21927,BLUE/CREAM STRIPE CUSHION COVER,蓝/奶油条纹靠垫套,家居装饰
21925,UNION STRIPE CUSHION COVER,联合条纹靠垫套,家居装饰
22763,KEY CABINET MA CAMPAGNE,钥匙柜 我的田园,收纳用品
22334,DINOSAUR PARTY BAG + STICKER SET,恐龙派对袋+贴纸套装,派对用品
22655,VINTAGE RED KITCHEN CABINET,复古红色厨房橱柜,厨房用品
22060,LARGE CAKE STAND HANGING HEARTS,大型蛋糕架 悬挂心形装饰,厨房用品
22061,LARGE CAKE STAND  HANGING STRAWBERY,大型蛋糕架 悬挂草莓装饰,厨房用品
21531,RED RETROSPOT SUGAR JAM BOWL,红色波点糖酱碗,厨房用品
21039,RED RETROSPOT SHOPPING BAG,红色波点购物袋,购物袋
21157,RED RETROSPOT WASHBAG,红色波点洗漱包,生活用品
16161P,WRAP ENGLISH ROSE,包装纸 英伦玫瑰,派对用品
16161M,WRAP  PINK FLOCK,包装纸 粉色植绒,派对用品
85214,TUB 24 PINK FLOWER PEGS,桶装24个粉色花朵衣夹,生活用品
72232,FENG SHUI PILLAR CANDLE,风水柱状蜡烛,家居装饰
84247G,"DECOUPAGE,GREETING CARD,",剪纸装饰贺卡,生活用品
21530,DAIRY MAID TOASTRACK,挤奶女工面包架,厨房用品
21528,DAIRY MAID TRADITIONAL TEAPOT,挤奶女工传统茶壶,厨房用品
21114,LAVENDER SCENTED FABRIC HEART,薰衣草香味织物心形装饰,家居装饰
47021G,SET/6 BEAD COASTERS GAUZE BAG GOLD,套装/6个串珠杯垫 纱布袋 金色,厨房用品
22443,GROW YOUR OWN HERBS SET OF 3,自己种植香草套装3件套,生活用品
21807,WHITE CHRISTMAS STAR DECORATION,白色圣诞星装饰,装饰品
22689,DOORMAT MERRY CHRISTMAS RED,门垫 圣诞快乐红色,家居装饰
22591,CARDHOLDER GINGHAM CHRISTMAS TREE,卡片夹 格子布圣诞树,生活用品
22504,CABIN BAG VINTAGE RETROSPOT,旅行箱 复古波点,生活用品
22158,3 HEARTS HANGING DECORATION RUSTIC,3个心形悬挂装饰 乡村风格,装饰品
22621,TRADITIONAL KNITTING NANCY,传统编织南希,手工用品
79000,MOROCCAN TEA GLASS,摩洛哥茶杯,厨房用品
85049B,LUSH GREENS RIBBONS,翠绿色丝带,手工用品
21878,PACK OF 6 SANDCASTLE FLAGS ASSORTED,套装6个沙堡旗帜混合装,派对用品
85131A,BEADED PEARL HEART WHITE ON STICK,串珠珍珠心形白色带棒,装饰品
20941,FROG CANDLE,青蛙蜡烛,家居装饰
21066,VINTAGE RED MUG,复古红色马克杯,厨房用品
21205,MULTICOLOUR 3D BALLS GARLAND,彩色3D球体花环,装饰品
21361,LOVE LARGE WOOD LETTERS,爱大型木质字母,装饰品
21876,POTTERING MUG,园艺马克杯,厨房用品
22167,OVAL WALL MIRROR DIAMANTE,椭圆形墙面镜子 水钻装饰,家居装饰
22412,METAL SIGN NEIGHBOURHOOD WITCH,金属标牌 邻家女巫,装饰品
22525,CHILDRENS GARDEN GLOVES PINK,儿童园艺手套粉色,生活用品
72349B,SET/6 PURPLE BUTTERFLY T-LIGHTS,套装/6个紫色蝴蝶茶蜡,家居装饰
84872A,TEATIME FUNKY FLOWER BACKPACK FOR 2,茶时光时尚花朵双肩包,生活用品
10123C,HEARTS WRAPPING TAPE,心形包装胶带,派对用品
10120,DOGGY RUBBER,小狗橡皮,生活用品
84006,MAGIC TREE -PAPER FLOWERS,魔法树-纸花,装饰品
20767,BLUE PAISLEY JOURNAL,蓝色佩斯利日记本,生活用品
90094,NECKLACE+BRACELET SET FRUIT SALAD,项链+手链套装 水果沙拉,生活用品
21882,SKULLS TAPE,骷髅胶带,派对用品
20886,BOX OF 9 PEBBLE CANDLES,盒装9个卵石蜡烛,家居装饰
21945,STRAWBERRIES  DESIGN FLANNEL,草莓设计法兰绒,生活用品
22133,PINK LOVE HEART SHAPE CUP,粉色爱心形状杯子,厨房用品
22456,NATURAL SLATE CHALKBOARD LARGE,天然石板黑板大型,家居装饰
47566,PARTY BUNTING,派对彩旗,派对用品
20655,QUEEN OF SKIES LUGGAGE TAG,天空女王行李牌,生活用品
21100,CHARLIE AND LOLA CHARLOTTE BAG,查理和罗拉夏洛特包,生活用品
21558,SKULL LUNCH BOX WITH CUTLERY,骷髅午餐盒带餐具,厨房用品
21865,PINK UNION JACK  PASSPORT COVER,粉色英国国旗护照套,生活用品
22132,RED LOVE HEART SHAPE CUP,红色爱心形状杯子,厨房用品
22166,WALL MIRROR RECTANGLE DIAMANTE PINK,墙面镜子长方形水钻粉色,家居装饰
22518,CHILDS GARDEN BRUSH BLUE,儿童园艺刷蓝色,生活用品
22628,PICNIC BOXES SET OF 3 RETROSPOT,野餐盒套装3件复古波点,厨房用品
85036B,CHOCOLATE 1 WICK MORRIS BOX CANDLE,巧克力1芯莫里斯盒装蜡烛,家居装饰
72803B,OCEAN SCENT CANDLE JEWELLED DRAWER,海洋香味蜡烛珠宝抽屉,家居装饰
84993A,75 GREEN PETIT FOUR CASES,75个绿色小四盘盒,厨房用品
84987,SET OF 36 TEATIME PAPER DOILIES,套装36个茶时光纸垫,厨房用品
20998,ROSE DU SUD OVEN GLOVE,南方玫瑰烤箱手套,厨房用品
22702,BLACK AND WHITE CAT BOWL,黑白猫碗,生活用品
84925D,LA PALMIERA WALL THERMOMETER,棕榈树墙面温度计,家居装饰
21078,SET/20 STRAWBERRY PAPER NAPKINS,套装/20个草莓纸巾,生活用品
22105,MIRROR MOSAIC GOBLET CANDLE HOLDER,镜面马赛克高脚杯烛台,家居装饰
22163,HEART STRING MEMO HOLDER HANGING,心形绳备忘录夹悬挂式,收纳用品
22216,T-LIGHT HOLDER WHITE LACE,茶蜡座白色蕾丝,家居装饰
22248,DECORATION  PINK CHICK MAGIC GARDEN,装饰品粉色小鸡魔法花园,装饰品
22250,DECORATION  BUTTERFLY  MAGIC GARDEN,装饰品蝴蝶魔法花园,装饰品
22251,BIRDHOUSE DECORATION MAGIC GARDEN,鸟屋装饰魔法花园,装饰品
22255,FELT TOADSTOOL  SMALL,毛毡蘑菇小号,装饰品
22288,HANGING METAL RABBIT DECORATION,悬挂金属兔子装饰,装饰品
22363,GLASS JAR MARMALADE,玻璃罐果酱,厨房用品
22395,PAPERWEIGHT VINTAGE PAISLEY,纸镇复古佩斯利,家居装饰
22483,RED GINGHAM TEDDY BEAR,红色格子泰迪熊,装饰品
22546,MINI JIGSAW PURDEY,迷你拼图普迪,生活用品
22609,PENS ASSORTED SPACEBALL,钢笔混合太空球,生活用品
22762,CUPBOARD 3 DRAWER MA CAMPAGNE,三斗柜我的田园,收纳用品
22811,SET OF 6 T-LIGHTS CACTI,套装6个茶蜡仙人掌,家居装饰
22882,NUMBER TILE VINTAGE FONT 3,数字瓷砖复古字体3,家居装饰
22884,NUMBER TILE VINTAGE FONT 5,复古字体数字瓷砖5,装饰品
22908,PACK OF 20 NAPKINS RED APPLES,20张装红苹果餐巾纸,派对用品
35599B,BLACK CHRISTMAS TREE 120CM,120厘米黑色圣诞树,家居装饰
44234,ASSORTED CIRCULAR MOBILE,杂色圆形风铃,装饰品
71143,SILVER BOOK MARK WITH BEADS,串珠银色书签,生活用品
72351A,SET/6 TURQUOISE BUTTERFLY T-LIGHTS,6只装绿松石蝴蝶茶蜡,家居装饰
75049L,LARGE CIRCULAR MIRROR MOBILE,大圆形镜面风铃,装饰品
75131,METAL TUBE CHIME ON BAMBOO,竹制金属管风铃,装饰品
79191B,RETRO PLASTIC POLKA TRAY,复古塑料波点托盘,厨房用品
82001S,VINYL RECORD FRAME SILVER,银色黑胶唱片框,家居装饰
84270,ASSTD DESIGN BUBBLE GUM RING,杂色设计泡泡糖戒指,装饰品
84660C,PINK STITCHED WALL CLOCK,粉色缝线挂钟,家居装饰
84661B,BLACK SQUARE TABLE CLOCK,黑色方形桌钟,家居装饰
84673B,BLUE FLY SWAT,蓝色苍蝇拍,生活用品
84927A,WAKE UP COCKEREL TILE HOOK,公鸡瓷砖挂钩,家居装饰
84927F,PSYCHEDELIC TILE HOOK,迷幻风格瓷砖挂钩,家居装饰
85025B,EAU DE NILE HEART SHAPE PHOTO FRAME,尼罗河色心形相框,家居装饰
85054,FRENCH ENAMEL POT W LID,法式珐琅带盖锅,厨房用品
85055,FRENCH ENAMEL UTENSIL HOLDER,法式珐琅餐具架,厨房用品
85167B,BLACK GRAND BAROQUE PHOTO FRAME,黑色巴洛克风格相框,家居装饰
85169A,IVORY LOVE BIRD CANDLE,象牙色爱情鸟蜡烛,家居装饰
85169C,EAU DE NIL LOVE BIRD CANDLE,尼罗河色爱情鸟蜡烛,家居装饰
85169D,PINK LOVE BIRD CANDLE,粉色爱情鸟蜡烛,家居装饰
85203,HANGING WOOD AND FELT BUTTERFLY,悬挂式木制和毛毡蝴蝶,装饰品
90000D,COPPER/OLIVE GREEN FLOWER NECKLACE,铜/橄榄绿花朵项链,装饰品
90003E,GREEN PAIR HEART HAIR SLIDES,绿色心形对装发夹,装饰品
90028,NEW BAROQUE LARGE NECKLACE BLK/WHIT,新巴洛克风格大项链黑/白,装饰品
90060F,FIRE POLISHED GLASS NECKL GREEN,绿色火抛光玻璃项链,装饰品
90114,SUMMER DAISIES BAG CHARM,夏日雏菊包饰,装饰品
90115,SUMMER BUTTERFLIES BAG CHARM,夏日蝴蝶包饰,装饰品
90120B,BLUE MURANO TWIST BRACELET,蓝色穆拉诺扭纹手链,装饰品
90141A,GREEN PENDANT TRIPLE SHELL NECKLACE,绿色吊坠三贝壳项链,装饰品
90199B,5 STRAND GLASS NECKLACE AMETHYST,5串紫水晶玻璃项链,装饰品
90205A,LARGE MINT DIAMANTE HAIRSLIDE,大号薄荷色钻石发夹,装饰品
90214B,"LETTER ""B"" BLING KEY RING","字母""B""闪亮钥匙扣",装饰品
90214C,"LETTER ""C"" BLING KEY RING","字母""C""闪亮钥匙扣",装饰品
90214F,"LETTER ""F"" BLING KEY RING","字母""F""闪亮钥匙扣",装饰品
90214I,"LETTER ""I"" BLING KEY RING","字母""I""闪亮钥匙扣",装饰品
90214L,"LETTER ""L"" BLING KEY RING","字母""L""闪亮钥匙扣",装饰品
90214N,"LETTER ""N"" BLING KEY RING","字母""N""闪亮钥匙扣",装饰品
90214Y,"LETTER ""Y"" BLING KEY RING","字母""Y""闪亮钥匙扣",装饰品
16218,CARTOON  PENCIL SHARPENERS,卡通卷笔刀,生活用品
16225,RATTLE SNAKE EGGS,响尾蛇蛋,其他
20686,DOLLY MIXTURE CHILDREN'S UMBRELLA,混合糖果儿童雨伞,生活用品
21051,RIBBONS PURSE,丝带钱包,生活用品
21112,"SWISS ROLL TOWEL, PINK  SPOTS",粉色斑点瑞士卷毛巾,生活用品
21219,SET/4 BADGES BALLOON GIRL,4个装气球女孩徽章套装,装饰品
21224,SET/4 SKULL BADGES,4个装骷髅徽章套装,装饰品
21261,GREEN GOOSE FEATHER CHRISTMAS TREE,绿色鹅毛圣诞树,家居装饰
21263,GREEN GOOSE FEATHER TREE 60CM,60厘米绿色鹅毛树,家居装饰
21286,RETROSPOT CANDLE  LARGE,复古波点大蜡烛,家居装饰
21446,12 RED ROSE PEG PLACE SETTINGS,12个红玫瑰挂钩餐具位,派对用品
21619,4 VANILLA BOTANICAL CANDLES,4个香草植物蜡烛,家居装饰
21640,ASSORTED TUTTI FRUTTI  FOB NOTEBOOK,杂色水果挂绳笔记本,生活用品
21675,BUTTERFLIES STICKERS,蝴蝶贴纸,手工用品
21725,SWEETIES  STICKERS,糖果贴纸,手工用品
21828,EIGHT PIECE SNAKE  SET,八件套蛇玩具,其他
21829,DINOSAUR KEYRINGS ASSORTED,恐龙钥匙扣杂色,装饰品
21903,MAN FLU METAL SIGN,男人感冒金属标牌,装饰品
21936,RED RETROSPOT PICNIC BAG,红色复古波点野餐袋,购物袋
22959,WRAP CHRISTMAS VILLAGE,圣诞村庄包装纸,派对用品
17084R,ASSORTED INCENSE PACK,杂色香薰包,家居装饰
17091J,VANILLA INCENSE IN TIN,铁盒装香草香薰,家居装饰
21027,NINJA RABBIT PINK,粉色忍者兔子,装饰品
84539,KNITTED RABBIT DOLL,针织兔子玩偶,装饰品
90096,NECKLACE+BRACELET SET BLUE BLOSSOM,蓝色花朵项链手链套装,装饰品
21095,SET/6 POSIES PAPER PLATES,6个装小花纸盘套装,派对用品
85018D,YULETIDE IMAGES S/6 PAPER BOXES,圣诞图像6个装纸盒,派对用品
22732,3D VINTAGE CHRISTMAS STICKERS,3D复古圣诞贴纸,手工用品
47503J,SET/3 FLORAL GARDEN TOOLS IN BAG,袋装3件套花园工具,生活用品
84247N,PACK/12 BLUE FOLKART CARDS,12张装蓝色民间艺术卡片,派对用品
84247K,"FOLK ART GREETING CARD,pack/12","民间艺术贺卡,12张装",派对用品
22035,VINTAGE CARAVAN GREETING CARD,复古大篷车贺卡,派对用品
21250,SET OF SKULL WALL STICKERS,骷髅墙贴套装,家居装饰
21677,HEARTS  STICKERS,心形贴纸,手工用品
47504K,ENGLISH ROSE GARDEN SECATEURS,英式玫瑰园修枝剪,生活用品
84212,"ASSORTED FLOWER COLOUR ""LEIS""",杂色花环,装饰品
21377,SMALL CAMPHOR WOOD FIELD  MUSHROOM,小樟木田野蘑菇,装饰品
21379,CAMPHOR WOOD PORTOBELLO MUSHROOM,樟木波特贝拉蘑菇,装饰品
37489D,PINK/GREEN FLOWER DESIGN BIG MUG,粉/绿花朵设计大马克杯,厨房用品
17107D,"FLOWER FAIRY,5 SUMMER B'DRAW LINERS","花仙子,5个夏季抽屉衬垫",家居装饰
37489B,BLUE/YELLOW FLOWER DESIGN BIG MUG,蓝/黄花朵设计大马克杯,厨房用品
37489C,GREEN/BLUE FLOWER DESIGN BIG MUG,绿/蓝花朵设计大马克杯,厨房用品
21932,SCANDINAVIAN PAISLEY PICNIC BAG,斯堪的纳维亚佩斯利野餐袋,购物袋
21933,PINK VINTAGE PAISLEY PICNIC BAG,粉色复古佩斯利野餐袋,购物袋
37489A,YELLOW/PINK FLOWER DESIGN BIG MUG,黄/粉花朵设计大马克杯,厨房用品
22072,RED RETROSPOT TEA CUP AND SAUCER,红色复古波点茶杯和茶碟,厨房用品
21905,MORE BUTTER METAL SIGN,更多黄油金属标牌,装饰品
22414,DOORMAT NEIGHBOURHOOD WITCH,邻居女巫门垫,家居装饰
22116,METAL SIGN HIS DINNER IS SERVED,他的晚餐已上桌金属标牌,装饰品
85130A,BEADED PEARL HEART WHITE LARGE,大号白色珍珠串珠心形,装饰品
85129C,BEADED CRYSTAL HEART BLUE SMALL,小号蓝色水晶串珠心形,装饰品
84849A,HELLO SAILOR BLUE SOAP HOLDER,你好水手蓝色肥皂盒,生活用品
22137,BATHROOM SET LOVE HEART DESIGN,爱心设计浴室套装,生活用品
85230B,CINNAMON SCENTED VOTIVE CANDLE,肉桂香味许愿蜡烛,家居装饰
85230F,JASMINE VOTIVE CANDLE,茉莉许愿蜡烛,家居装饰
22306,SILVER MUG BONE CHINA TREE OF LIFE,银色马克杯骨瓷生命之树,厨房用品
20734,SILVER MINI TAPE MEASURE,银色迷你卷尺,生活用品
20960,WATERMELON BATH SPONGE,西瓜沐浴海绵,生活用品
35970,ZINC FOLKART SLEIGH BELLS,锌制民间艺术雪橇铃铛,装饰品
84849D,HOT BATHS SOAP HOLDER,热浴皂架,浴室用品
84507C,BLUE CIRCLES DESIGN MONKEY DOLL,蓝色圆圈设计猴子玩偶,装饰品
20910,VINTAGE PHOTO ALBUM PARIS DAYS,复古相册巴黎时光,收纳用品
82616B,FRAPPUCINO SCARF KNITTING KIT,法布奇诺围巾编织套装,手工用品
90128B,BLUE LEAVES AND BEADS PHONE CHARM,蓝色叶子和珠子手机挂饰,装饰品
90196B,BLACK GEMSTONE NECKLACE 45CM,黑色宝石项链45厘米,饰品
90198B,VINTAGE ROSE BEAD BRACELET BLACK,复古玫瑰珠串手链黑色,饰品
90152B,BLUE/GREEN SHELL NECKLACE W PENDANT,蓝绿色贝壳项链带吊坠,饰品
90151,SILVER/NATURAL SHELL NECKLACE,银色/天然贝壳项链,饰品
21845,DAIRY MAID STRIPE MUG,挤奶女工条纹马克杯,厨房用品
22398,MAGNETS PACK OF 4 SWALLOWS,燕子磁铁4个装,家居装饰
20657,TROPICAL LUGGAGE TAG,热带行李牌,生活用品
47422,ASSORTED MONKEY SUCTION CUP HOOK,杂色猴子吸盘挂钩,家居装饰
21642,ASSORTED TUTTI FRUTTI PEN,杂色水果糖笔,文具用品
47503H,ASS FLORAL PRINT SPIRIT LEVEL,花卉印花水平尺,工具
72130,COLUMBIAN CANDLE ROUND,哥伦比亚圆形蜡烛,家居装饰
72128,COLUMBIAN CANDLE ROUND,哥伦比亚圆形蜡烛,家居装饰
47343A,FUSCHIA FLOWER PURSE WITH BEADS,紫红色花朵串珠钱包,配饰
72802A,ROSE SCENT CANDLE IN JEWELLED BOX,宝石盒装玫瑰香薰蜡烛,家居装饰
72802B,OCEAN SCENT CANDLE IN JEWELLED BOX,宝石盒装海洋香薰蜡烛,家居装饰
21054,NURSE'S BAG SOFT TOY,护士包软玩具,玩具
22339,CHRISTMAS TREE PAINTED ZINC,圣诞树彩绘锌制品,装饰品
22337,ANGEL DECORATION PAINTED ZINC,天使装饰彩绘锌制品,装饰品
84562A,PINK/WHITE RIBBED MELAMINE JUG,粉白条纹密胺水壶,厨房用品
21040,MODERN VINTAGE COTTON SHOPPING BAG,现代复古棉质购物袋,购物袋
21937,STRAWBERRY   PICNIC BAG,草莓野餐包,购物袋
22701,PINK DOG BOWL,粉色狗碗,宠物用品
22362,GLASS JAR PEACOCK BATH SALTS,玻璃罐孔雀浴盐,洗浴用品
82011C,BATHROOM SCALES FOOTPRINTS IN SAND,浴室秤沙滩脚印,生活用品
84865,NEW BAROQUE BLACK PHOTO ALBUM,新巴洛克黑色相册,收纳用品
21287,SCENTED VELVET LOUNGE CANDLE,香氛天鹅绒客厅蜡烛,家居装饰
79337,BLUE FLOCK GLASS CANDLEHOLDER,蓝色绒面玻璃烛台,家居装饰
85111,SILVER GLITTER FLOWER VOTIVE HOLDER,银色闪粉花卉烛台,家居装饰
22307,GOLD MUG BONE CHINA TREE OF LIFE,黄金骨瓷生命树马克杯,厨房用品
85078,SCANDINAVIAN 3 HEARTS NAPKIN RING,斯堪的纳维亚3心餐巾环,厨房用品
85034C,3 ROSE MORRIS BOXED CANDLES,3朵玫瑰莫里斯盒装蜡烛,家居装饰
84614A,PINK BAROQUE FLOCK CANDLE HOLDER,粉色巴洛克绒面烛台,家居装饰
22509,SEWING BOX RETROSPOT DESIGN,复古圆点缝纫盒,收纳用品
90145,SILVER HOOP EARRINGS WITH FLOWER,银色花朵耳环,饰品
90143,SILVER BRACELET W PASTEL FLOWER,银色手链配淡雅花朵,饰品
90010A,MIDNIGHT BLUE GLASS/SILVER BRACELET,午夜蓝玻璃/银手链,饰品
90010B,BLACK/WHITE GLASS/SILVER BRACELET,黑白玻璃/银手链,饰品
90050,CRACKED GLAZE NECKLACE IVORY,裂纹釉项链象牙色,饰品
90053,CRACKED GLAZE EARRINGS IVORY,裂纹釉耳环象牙色,饰品
20829,GLITTER HANGING BUTTERFLY STRING,闪粉悬挂蝴蝶串,装饰品
21947,SET OF 6 HEART CHOPSTICKS,6双心形筷子套装,厨房用品
21726,MULTI HEARTS  STICKERS,多心贴纸,文具用品
22671,FRENCH LAUNDRY SIGN BLUE METAL,蓝色金属法式洗衣店标志,家居装饰
20936,FORKED CACTUS CANDLE,分叉仙人掌蜡烛,家居装饰
84924A,WAKE UP COCKEREL CALENDAR SIGN,起床公鸡日历牌,家居装饰
35241,ENAMEL BLUE RIM BISCUIT BIN,珐琅蓝边饼干罐,厨房用品
17109D,FLOWER FAIRY INCENSE BOUQUET,花仙子香薰花束,家居装饰
21011,GLITTER SNOW PEAR TREE DECORATION,闪粉雪梨树装饰,装饰品
22853,CAT BOWL VINTAGE CREAM,猫咪碗复古奶油色,宠物用品
85034B,3 WHITE CHOC MORRIS BOXED CANDLES,3个白巧克力莫里斯盒装蜡烛,家居装饰
72800D,4 BLUE DINNER CANDLES SILVER FLOCK,4支蓝色晚餐蜡烛银色绒面,家居装饰
84819,DANISH ROSE ROUND SEWING BOX,丹麦玫瑰圆形缝纫盒,收纳用品
90185D,CRYSTAL DIAMANTE EXPANDABLE RING,水晶钻石可调节戒指,饰品
90175A,WHITE GLASS CHUNKY CHARM BRACELET,白色玻璃粗犷魅力手链,饰品
22079,RIBBON REEL HEARTS DESIGN,心形设计丝带卷,手工用品
90162B,ANT SILVER LIME GREEN BOUDICCA RING,复古银石灰绿色布迪卡戒指,饰品
90162D,ANT SILVER PURPLE BOUDICCA RING,复古银紫色布迪卡戒指,饰品
21626,VINTAGE UNION JACK PENNANT,复古英国国旗三角旗,装饰品
90167,BEADED LOVE HEART JEWELLERY SET,串珠爱心珠宝套装,饰品
22403,MAGNETS PACK OF 4 VINTAGE LABELS,复古标签磁铁4个装,家居装饰
22563,HAPPY STENCIL CRAFT,快乐模板工艺,手工用品
84827,ASS DES PHONE SPONGE CRAFT STICKER,杂色手机海绵工艺贴纸,手工用品
22799,SWEETHEART WIRE FRUIT BOWL,甜心金属丝水果碗,厨房用品
84898F,YELLOW FLOWERS FELT HANDBAG KIT,黄色花朵毡布手提包套装,手工用品
22415,WHITE TISSUE REAM,白色纸巾令,生活用品
22256,FELT FARM ANIMAL CHICKEN,毡制农场动物小鸡,玩具
47310M,"SMALL POP BOX,FUNKY MONKEY",小爆米花盒时髦猴子,玩具
84508B,STRIPES DESIGN TEDDY,条纹设计泰迪熊,玩具
21555,CERAMIC STRAWBERRY TRINKET TRAY,陶瓷草莓小饰品盘,收纳用品
22390,PAPERWEIGHT CHILDHOOD MEMORIES,童年记忆纸镇,家居装饰
84963A,PINK PAINTED KASHMIRI CHAIR,粉色彩绘克什米尔椅子,家具
84993B,75 BLACK PETIT FOUR CASES,75个黑色小四蛋糕盒,派对用品
85206A,CREAM FELT EASTER EGG BASKET,奶油色毡制复活节蛋篮,派对用品
22021,BLUE FELT EASTER EGG BASKET,蓝色毡制复活节蛋篮,派对用品
84596G,SMALL CHOCOLATES PINK BOWL,小巧克力粉色碗,厨房用品
21445,12 PINK ROSE PEG PLACE SETTINGS,12个粉色玫瑰木钉餐具摆放,派对用品
77101A,UNION FLAG WINDSOCK,英国国旗风向袋,装饰品
84358,FLOOR LAMP SHADE WOOD BASE,落地灯罩木底座,家居装饰
21294,ETCHED GLASS COASTER,蚀刻玻璃杯垫,厨房用品
21468,BUTTERFLY CROCHET FOOD COVER,蝴蝶钩针食物罩,厨房用品
22123,PING MICROWAVE APRON,平纹微波围裙,厨房用品
22939,APRON APPLE DELIGHT,苹果喜悦围裙,厨房用品
21836,GINGHAM OVEN GLOVE RED HEART,红心格纹烤箱手套,厨房用品
71279,PINK GLASS CANDLEHOLDER,粉色玻璃烛台,家居装饰
22598,CHRISTMAS MUSICAL ZINC TREE,圣诞音乐锌制树,装饰品
22532,MAGIC DRAWING SLATE LEAP FROG,魔法画板跳跳蛙,其他
21413,PERIWINKLE T-LIGHT HOLDER,长春花茶灯座,家居装饰
79149B,SILICON STAR BULB  BLUE,硅胶星星灯泡蓝色,家居装饰
21682,LARGE MEDINA STAMPED METAL BOWL,大号麦地那压花金属碗,厨房用品
78034B,BLUE NETTING STORAGE HANGER,蓝色网眼储物挂袋,收纳用品
22894,TABLECLOTH RED APPLES DESIGN,红苹果图案桌布,家居装饰
79151B,"SILICON CUBE 25W, BLUE",硅胶立方体25W蓝色,家居装饰
21090,SET/6 COLLAGE PAPER PLATES,套装/6个拼贴纸盘,派对用品
22354,RETROSPOT PADDED SEAT CUSHION,复古斑点加厚坐垫,家居装饰
21635,MADRAS NOTEBOOK LARGE,大号马德拉斯笔记本,生活用品
35653,VINTAGE BEAD NOTEBOOK,复古珠子笔记本,生活用品
85130D,BEADED CRYSTAL HEART PINK LARGE,大号粉色水晶珠心形,装饰品
15039,SANDALWOOD FAN,檀香扇,生活用品
84978,HANGING HEART JAR T-LIGHT HOLDER,悬挂心形罐茶灯座,家居装饰
84569D,PACK 6 HEART/ICE-CREAM PATCHES,6个装心形/冰淇淋补丁,手工用品
84921,CREAM AND PINK FLOWERS PONY,奶油粉色花朵小马,装饰品
84508C,BLUE CIRCLES DESIGN TEDDY,蓝色圆圈图案泰迪熊,装饰品
90086,CRYSTAL FROG PHONE CHARM,水晶青蛙手机挂饰,装饰品
62018,SOMBRERO,墨西哥宽边帽,其他
16011,ANIMAL STICKERS,动物贴纸,手工用品
85179A,GREEN BITTY LIGHT CHAIN,绿色小灯串,家居装饰
21785,RAIN PONCHO,雨披,生活用品
21650,ASSORTED TUTTI FRUTTI BRACELET,什锦水果手链,装饰品
84874B,BLUE TRAVEL FIRST AID KIT,蓝色旅行急救包,生活用品
22674,FRENCH TOILET SIGN BLUE METAL,蓝色金属法式厕所标志,家居装饰
72051S,BAG OF SILVER STONES,银色石头袋,手工用品
20764,ABSTRACT CIRCLES SKETCHBOOK,抽象圆圈素描本,手工用品
47579,TEA TIME BREAKFAST BASKET,茶时光早餐篮,厨房用品
21723,ALPHABET HEARTS STICKER SHEET,字母心形贴纸页,手工用品
35953,FOLKART STAR CHRISTMAS DECORATIONS,民间艺术星星圣诞装饰,装饰品
84051,ASS COLOUR GLOWING TIARAS,驴色发光头冠,派对用品
21696,SMALL SILVER TRELLIS CANDLEPOT,小号银色格子蜡烛罐,家居装饰
22034,ROBIN CHRISTMAS CARD,知更鸟圣诞贺卡,派对用品
20980,36 PENCILS TUBE POSY,36支花束铅笔管,手工用品
35958,FOLKART ZINC STAR CHRISTMAS DEC,民间艺术锌制星星圣诞装饰,装饰品
75013B,"STRING OF 8 BUTTERFLIES,PINK",8只粉色蝴蝶串,装饰品
22830,UTILTY CABINET WITH HOOKS,带挂钩实用储物柜,收纳用品
22684,FRENCH BLUE METAL DOOR SIGN 9,法式蓝色金属门牌9号,家居装饰
82011B,BATHROOM SCALES RUBBER DUCKS,橡皮鸭浴室秤,生活用品
21630,FLOOR CUSHION ELEPHANT CARNIVAL,嘉年华大象地垫,家居装饰
21580,RABBIT  DESIGN  COTTON TOTE BAG,兔子图案棉质手提袋,购物袋
22231,JIGSAW TREE WITH BIRDHOUSE,带鸟屋拼图树,装饰品
22859,EASTER TIN BUNNY BOUQUET,复活节锡罐兔子花束,装饰品
22860,EASTER TIN CHICKS PINK DAISY,复活节锡罐粉色雏菊小鸡,装饰品
22093,MOTORING TISSUE BOX,汽车主题纸巾盒,家居装饰
85208,SET/12 FUNKY FELT FLOWER PEG IN BAG,套装/12个趣味毛毡花夹袋装,手工用品
22129,PARTY CONES CANDY TREE DECORATION,派对圆锥糖果树装饰,派对用品
22808,SET OF 6 T-LIGHTS EASTER CHICKS,套装6个复活节小鸡茶灯,装饰品
20702,PINK PADDED MOBILE,粉色加厚手机座,生活用品
85187,S/12 MINI RABBIT EASTER,12只小兔子复活节套装,装饰品
21683,MEDIUM MEDINA STAMPED METAL BOWL,中号麦地那压花金属碗,厨房用品
22770,MIRROR CORNICE,镜子上楣,家居装饰
84563B,BLUE & WHITE BREAKFAST TRAY,蓝白早餐托盘,厨房用品
79190A,RETRO PLASTIC 70'S TRAY,70年代复古塑料托盘,厨房用品
15034,PAPER POCKET TRAVELING FAN,纸袋旅行扇,生活用品
85129B,BEADED CRYSTAL HEART GREEN SMALL,小号绿色水晶珠心形,装饰品
35924,HANGING FAIRY CAKE DECORATION,悬挂仙女蛋糕装饰,装饰品
20671,BLUE TEATIME PRINT BOWL,蓝色下午茶印花碗,厨房用品
21904,HOUSE WRECKING METAL SIGN,房屋拆除金属标志,家居装饰
22843,BISCUIT TIN VINTAGE GREEN,复古绿色饼干罐,厨房用品
22199,FRYING PAN RED RETROSPOT,红色复古斑点煎锅,厨房用品
84968A,SET OF 16 VINTAGE ROSE CUTLERY,套装16件复古玫瑰餐具,厨房用品
37509,NEW ENGLAND MUG W GIFT BOX,新英格兰马克杯带礼盒,厨房用品
47369A,PINK GREEN EMBROIDERY COSMETIC BAG,粉色绿色刺绣化妆包,收纳用品
47369B,BLUE GREEN EMBROIDERY COSMETIC BAG,蓝绿色刺绣化妆包,收纳用品
21695,SMALL SILVER FLOWER CANDLE POT,小号银色花朵蜡烛罐,家居装饰
84773,RED ROSE AND LACE C/COVER,红玫瑰蕾丝杯盖,厨房用品
21424,WOODLAND STORAGE BOX LARGE,大号林地储物盒,收纳用品
21819,GLITTER CHRISTMAS STAR,闪粉圣诞星,装饰品
22817,CARD SUKI BIRTHDAY,苏琪生日贺卡,派对用品
16161U,WRAP SUKI AND FRIENDS,苏琪和朋友们包装纸,派对用品
22252,BIRDCAGE DECORATION TEALIGHT HOLDER,鸟笼装饰茶灯座,家居装饰
21401,BLUE PUDDING SPOON,蓝色布丁勺,厨房用品
84597C,RETRO PINK BALL ASHTRAY,复古粉色球形烟灰缸,生活用品
51020A,SUMMER FUN DESIGN SHOWER CAP,夏日趣味设计浴帽,生活用品
51020B,STRIPY DESIGN SHOWER CAP,条纹设计浴帽,生活用品
21306,SET/4 DAISY MIRROR MAGNETS,套装4个雏菊镜子磁贴,家居装饰
21311,SET/4 BIRD MIRROR MAGNETS,套装4个小鸟镜子磁贴,家居装饰
21307,SET/4 BUTTERFLY MIRROR MAGNETS,套装4个蝴蝶镜子磁贴,家居装饰
21277,FRENCH STYLE EMBOSSED HEART CABINET,法式风格压花心形储物柜,收纳用品
22475,SKULL DESIGN TV DINNER TRAY,骷髅设计电视晚餐托盘,厨房用品
90200E,GREEN SWEETHEART BRACELET,绿色甜心手链,装饰品
90062,CARNIVAL BRACELET,嘉年华手链,装饰品
21616,4 PEAR BOTANICAL DINNER CANDLES,4支梨子植物学晚餐蜡烛,家居装饰
37461,FUNKY MONKEY MUG,趣味猴子马克杯,厨房用品
20659,ECONOMY LUGGAGE TAG,经济型行李牌,生活用品
20985,HEART CALCULATOR,心形计算器,生活用品
84596L,BISCUITS SMALL BOWL LIGHT BLUE,浅蓝色小碗饼干,厨房用品
84596F,SMALL MARSHMALLOWS PINK BOWL,粉色碗装小棉花糖,厨房用品
85215,ASSORTED CHEESE FRIDGE MAGNETS,什锦奶酪冰箱贴,家居装饰
85062,PEARL CRYSTAL PUMPKIN T-LIGHT HLDR,珍珠水晶南瓜茶灯座,家居装饰
22984,CARD GINGHAM ROSE,格纹玫瑰贺卡,派对用品
85036C,ROSE 1 WICK MORRIS BOXED CANDLE,盒装莫里斯1芯玫瑰蜡烛,家居装饰
84531A,PINK KNITTED EGG COSY,粉色针织鸡蛋保温套,厨房用品
84531B,BLUE KNITTED EGG COSY,蓝色针织鸡蛋保温套,厨房用品
21910,WAY OUT METAL SIGN,复古风格金属标志牌,家居装饰
22461,SAVOY ART DECO CLOCK,萨沃伊装饰艺术时钟,家居装饰
22833,HALL CABINET WITH 3 DRAWERS,带3个抽屉的门厅柜,收纳用品
22690,DOORMAT HOME SWEET HOME BLUE,蓝色甜蜜家园门垫,家居装饰
84881,BLUE WIRE SPIRAL CANDLE HOLDER,蓝色螺旋线蜡烛架,装饰品
21613,S/12 VANILLA  BOTANICAL T-LIGHTS,12支装香草植物茶蜡,生活用品
21693,SMALL HAMMERED SILVER CANDLEPOT,小号锤纹银烛台,装饰品
84809A,WHITE CHRYSANTHEMUMS ART FLOWER,白色菊花艺术花,装饰品
79190D,RETRO PLASTIC DAISY TRAY,复古塑料雏菊托盘,家居装饰
22157,ANGEL DECORATION WITH LACE PADDED,带蕾丝填充天使装饰,装饰品
20771,CHRYSANTHEMUM  JOURNAL,菊花图案笔记本,生活用品
37327,ASSTD MULTICOLOUR CIRCLES MUG,彩色圆圈图案马克杯,厨房用品
85027L,FRENCH CHATEAU LARGE PLATTER,法国城堡大浅盘,厨房用品
85017C,ENVELOPE 50 CURIOUS IMAGES,50张好奇图片信封,生活用品
16010,FOLDING CAMPING SCISSOR W/KNIF & S,带刀和开瓶器折叠野营剪刀,生活用品
35001W,HAND OPEN SHAPE DECO.WHITE,白色手形开口装饰,装饰品
84707B,PINK JEWELLED MIRROR TRINKET TRAY,粉色镶珠宝镜子饰品盘,家居装饰
21167,WHITE SAGE INCENSE,白鼠尾草香薰,生活用品
51008,AFGHAN SLIPPER SOCK PAIR,阿富汗拖鞋袜一对,生活用品
21713,CITRONELLA CANDLE FLOWERPOT,香茅蜡烛花盆,家居装饰
20802,SMALL GLASS SUNDAE DISH CLEAR,小号透明玻璃圣代杯,厨房用品
22052,VINTAGE CARAVAN GIFT WRAP,复古大篷车图案礼品包装纸,派对用品
20781,GOLD EAR MUFF HEADPHONES,金色耳罩式耳机,生活用品
22389,PAPERWEIGHT SAVE THE PLANET,拯救地球主题纸镇,装饰品
84840,SWEETHEART CARRY-ALL BASKET,甜心手提篮,收纳用品
22073,RED RETROSPOT STORAGE JAR,红色波点储物罐,收纳用品
20716,PARTY FOOD SHOPPER BAG,派对食品购物袋,购物袋
20782,CAMOUFLAGE EAR MUFF HEADPHONES,迷彩耳罩式耳机,生活用品
21319,GLASS CHALICE GREEN  SMALL,小号绿色玻璃高脚杯,厨房用品
21359,RELAX LARGE WOOD LETTERS,放松大号木质字母,装饰品
21627,ELEPHANT CARNIVAL POUFFE,大象嘉年华坐垫,家居装饰
21632,VINTAGE PINK DECORATIVE PARASOL,复古粉色装饰伞,装饰品
22106,MIRROR MOSAIC HURRICANE LAMP,镜面马赛克防风灯,家居装饰
22108,PING! MICROWAVE PLATE,PING!微波炉盘子,厨房用品
22221,CAKE STAND LOVEBIRD 2 TIER PINK,爱情鸟双层粉色蛋糕架,厨房用品
22223,CAKE PLATE LOVEBIRD PINK,爱情鸟粉色蛋糕盘,厨房用品
22282,12 EGG HOUSE PAINTED WOOD,12个彩绘木制鸡蛋屋,装饰品
22329,ROUND CONTAINER SET OF 5 RETROSPOT,5件套波点圆形容器套装,收纳用品
22416,SET OF 36 DOILIES SPACEBOY DESIGN,36张太空男孩图案桌垫,家居装饰
22613,PACK OF 20 SPACEBOY NAPKINS,20张装太空男孩餐巾纸,派对用品
35648,VINTAGE BEAD PINK PURSE,复古粉色串珠钱包,生活用品
35651,VINTAGE BEAD PINK SCARF,复古粉色串珠围巾,生活用品
37447,CERAMIC CAKE DESIGN SPOTTED PLATE,陶瓷蛋糕斑点图案盘子,厨房用品
46118,FUNKY MONKEY CUSHION COVER,时髦猴子靠垫套,家居装饰
46776C,WOVEN FROST CUSHION COVER,编织霜花靠垫套,家居装饰
46776E,WOVEN CANDY CUSHION COVER,编织糖果靠垫套,家居装饰
62094B,TURQ ICE CREAM BUM BAG,绿松石色冰淇淋腰包,生活用品
84078A,SET/4 WHITE RETRO STORAGE CUBES,4件套白色复古收纳盒,收纳用品
84228,HEN HOUSE W CHICK STANDING,带站立小鸡的鸡舍,装饰品
84568,GIRLS ALPHABET IRON ON PATCHES,女孩字母烫印贴片,手工用品
84789,ENCHANTED BIRD PLANT CAGE,魔法鸟笼植物架,家居装饰
84813,SET OF 4 DIAMOND NAPKIN RINGS,4件套钻石餐巾环,厨房用品
85093,CANDY SPOT EGG WARMER HARE,糖果斑点野兔鸡蛋保温套,厨房用品
85096,HILDA CANDY SPOT RABBIT,希尔达糖果斑点兔子,装饰品
85202,HANGING WOOD AND FELT HEART,悬挂木制和毛毡心形装饰,装饰品
85204,HANGING WOOD AND FELT FLOWER,悬挂木制和毛毡花朵装饰,装饰品
90001D,ANTIQUE OLIVE GREEN FLOWER EARRINGS,古董橄榄绿花朵耳环,生活用品
90013C,GREEN VINTAGE EARRINGS,绿色复古耳环,生活用品
90014B,GOLD M PEARL  ORBIT NECKLACE,金色M珍珠轨道项链,生活用品
90085,CRYSTAL STILETTO PHONE CHARM,水晶高跟鞋手机挂饰,生活用品
90132,LIGHT TOPAZ TEAL/AQUA COL NECKLACE,浅黄玉蓝绿色项链,生活用品
90140,PINK SWEETIE NECKLACE,粉色甜心项链,生活用品
90141B,IVORY PENDANT TRIPLE SHELL NECKLACE,象牙色三重贝壳吊坠项链,生活用品
90158,ST TROPEZ NECKLACE,圣特罗佩项链,生活用品
90183A,AMBER DROP EARRINGS W LONG BEADS,琥珀色长珠坠耳环,生活用品
90183B,AMETHYST DROP EARRINGS W LONG BEADS,紫水晶长珠坠耳环,生活用品
90201B,BLACK ENAMEL FLOWER RING,黑色珐琅花朵戒指,生活用品
90212B,JET BLACK LAS VEGAS BRACELET ROUND,亮黑色拉斯维加斯圆手链,生活用品
84712B,PINK JEWELLED PHOTO FRAME,粉色镶珠宝相框,家居装饰
22279,POCKET BAG BLUE PAISLEY RED SPOT,蓝色佩斯利红点口袋包,生活用品
22280,POCKET BAG PINK PAISELY BROWN SPOT,粉色佩斯利棕点口袋包,生活用品
22377,BOTTLE BAG RETROSPOT,波点图案瓶袋,购物袋
22495,SET OF 2 ROUND TINS CAMEMBERT,2件套卡门贝干酪圆形罐,厨房用品
22521,CHILDS GARDEN TROWEL PINK,儿童粉色花园铲,生活用品
22523,CHILDS GARDEN FORK PINK,儿童粉色花园叉,生活用品
22677,FRENCH BLUE METAL DOOR SIGN 2,法国蓝色金属门牌2号,家居装饰
22682,FRENCH BLUE METAL DOOR SIGN 7,法国蓝色金属门牌7号,家居装饰
22715,CARD WEDDING DAY,婚礼贺卡,派对用品
21253,SET OF PICTURE FRAME  STICKERS,相框贴纸套装,手工用品
21265,PINK GOOSE FEATHER TREE 60CM,粉色鹅毛树60厘米,装饰品
21389,IVORY HANGING DECORATION  BIRD,象牙色悬挂鸟装饰,装饰品
21391,FRENCH LAVENDER SCENT HEART,法国薰衣草香氛心形装饰,家居装饰
21403,BLUE EGG  SPOON,蓝色鸡蛋勺,厨房用品
21534,DAIRY MAID LARGE MILK JUG,挤奶女工大号牛奶壶,厨房用品
21618,4 WILDFLOWER BOTANICAL CANDLES,4支野花植物蜡烛,生活用品
21812,GARLAND WITH HEARTS AND BELLS,带心形和铃铛的花环,装饰品
21847,GREEN  DIAMANTE PEN IN GIFT BOX,绿色水钻笔礼盒装,生活用品
21943,CAKES AND RABBITS DESIGN FLANNEL,蛋糕和兔子图案法兰绒,生活用品
22104,MIRROR MOSAIC CANDLE PLATE,镜面马赛克蜡烛盘,装饰品
22340,NOEL GARLAND PAINTED ZINC,诺埃尔彩绘锌制花环,装饰品
35833G,4 GOLD FLOCK CHRISTMAS BALLS,4个金色植绒圣诞球,装饰品
35916A,YELLOW FELT HANGING HEART W FLOWER,黄色毛毡带花悬挂心形,装饰品
46776A,WOVEN BUBBLE GUM CUSHION COVER,编织泡泡糖靠垫套,家居装饰
72351B,SET/6 PINK  BUTTERFLY T-LIGHTS,6支装粉色蝴蝶茶蜡,生活用品
84459A,PINK METAL CHICKEN HEART,粉色金属鸡心装饰,装饰品
84637,KITCHEN FLOWER POTS WALL PLAQUE,厨房花盆壁饰,家居装饰
85039B,S/4 IVORY MINI ROSE CANDLE IN BOWL,4支装碗装象牙色迷你玫瑰蜡烛,生活用品
85039C,S/4 BLACK MINI ROSE CANDLE IN BOWL,4支装碗装黑色迷你玫瑰蜡烛,生活用品
72131,COLUMBIAN CANDLE RECTANGLE,哥伦比亚长方形蜡烛,家居装饰
90129D,AMBER GLASS TASSLE BAG CHARM,琥珀色玻璃流苏包饰,装饰品
90129E,PURPLE GLASS TASSLE BAG CHARM,紫色玻璃流苏包饰,装饰品
90160C,TURQ+RED BOUDICCA LARGE BRACELET,绿松石+红色布迪卡大手镯,装饰品
90161D,ANT COPPER PINK BOUDICCA BRACELET,蚂蚁铜粉色布迪卡手镯,装饰品
90175B,PINK GLASS CHUNKY CHARM BRACELET,粉色玻璃粗链条手镯,装饰品
90177D,DROP DIAMANTE EARRINGS PURPLE,紫色水滴钻石耳环,装饰品
90184C,BLACK CHUNKY BEAD BRACELET W STRAP,黑色粗珠手镯带表带,装饰品
90185A,AMBER DIAMANTE EXPANDABLE RING,琥珀色钻石可调节戒指,装饰品
90208,PAIR OF PINK FLOWER CLUSTER SLIDE,粉色花朵簇拖鞋一对,生活用品
15044D,RED PAPER PARASOL,红色纸伞,生活用品
84707A,SILVER JEWELLED MIRROR TRINKET TRAY,银色镶珠宝镜子饰品盘,收纳用品
21617,4 LILY  BOTANICAL DINNER CANDLES,4支百合植物晚餐蜡烛,家居装饰
22693,GROW A FLYTRAP OR SUNFLOWER IN TIN,在锡罐中种植捕蝇草或向日葵,家居装饰
35646,VINTAGE BEAD PINK EVENING BAG,复古串珠粉色晚宴包,购物袋
47574A,ENGLISH ROSE SCENTED HANGING FLOWER,英国玫瑰香味挂花,家居装饰
72819,CUPID DESIGN SCENTED CANDLES,丘比特设计香薰蜡烛,家居装饰
84665,SQUARE CHERRY BLOSSOM CABINET,方形樱花柜子,收纳用品
20857,BLUE ROSE PATCH PURSE PINK BUTTERFL,蓝玫瑰贴片钱包粉色蝴蝶,购物袋
85047,WHITE BEADED GARLAND STRING 20LIGHT,白色串珠灯串20灯,家居装饰
22679,FRENCH BLUE METAL DOOR SIGN 4,法国蓝色金属门牌4,家居装饰
22520,CHILDS GARDEN TROWEL BLUE,儿童园艺铲蓝色,生活用品
22516,CHILDS GARDEN RAKE BLUE,儿童园艺耙蓝色,生活用品
22353,LUNCH BOX WITH CUTLERY FAIRY CAKES,带餐具的午餐盒仙女蛋糕,厨房用品
22498,WOODEN REGATTA BUNTING,木质赛艇彩旗,派对用品
84725,FREESTYLE CANVAS ART PICTURE,自由风格帆布艺术画,家居装饰
37479P,CUBIC MUG FLOCK PINK ON BROWN,立方杯绒面粉色棕色,厨房用品
17038,PORCELAIN BUDAH INCENSE HOLDER,陶瓷佛像香薰座,家居装饰
84388,WISE MAN STAR SHAPE EGG PAN,智者星形煎蛋锅,厨房用品
17084J,LOVE POTION MASALA INCENSE,爱情魔方马萨拉香薰,家居装饰
84968D,SET OF 16 VINTAGE RED CUTLERY,一套16件复古红色餐具,厨房用品
22211,WOOD STAMP SET FLOWERS,木质印章套装花朵,手工用品
22903,CALENDAR FAMILY FAVOURITES,家庭最爱日历,生活用品
22026,BANQUET BIRTHDAY  CARD,宴会生日贺卡,派对用品
37340,MULTICOLOUR SPRING FLOWER MUG,多彩春季花朵马克杯,厨房用品
16052,TEATIME PUSH DOWN RUBBER,下午茶按压式橡皮,生活用品
16219,HOUSE SHAPE PENCIL SHARPENER,房屋形状卷笔刀,生活用品
20763,DAISY SKETCHBOOK,雏菊素描本,手工用品
20801,LARGE PINK GLASS SUNDAE DISH,大号粉色玻璃圣代杯,厨房用品
20892,SET/3 TALL GLASS CANDLE HOLDER PINK,一套3个粉色高玻璃烛台,家居装饰
21316,SMALL CHUNKY GLASS ROMAN  BOWL,小号粗玻璃罗马碗,厨房用品
21666,RIDGED GLASS T-LIGHT HOLDER,波纹玻璃小烛台,家居装饰
22293,HANGING CHICK GREEN DECORATION,绿色小鸡挂饰,装饰品
22608,PENS ASSORTED FUNKY JEWELED,彩色镶珠宝笔,生活用品
22789,T-LIGHT HOLDER SWEETHEART HANGING,甜心挂式小烛台,家居装饰
22880,NUMBER TILE VINTAGE FONT 1,复古字体数字瓷砖1,家居装饰
22883,NUMBER TILE VINTAGE FONT 4,复古字体数字瓷砖4,家居装饰
22889,NUMBER TILE VINTAGE FONT No,复古字体数字瓷砖No,家居装饰
35809A,ENAMEL PINK TEA CONTAINER,珐琅粉色茶叶罐,厨房用品
35833P,4 PINK FLOCK CHRISTMAS BALLS,4个粉色绒面圣诞球,装饰品
37500,TEA TIME TEAPOT IN GIFT BOX,下午茶茶壶礼盒装,厨房用品
37501,TEA TIME TEA SET IN GIFT BOX,下午茶茶具礼盒装,厨房用品
79144C,PAINTED LIGHTBULB RAINBOW DESIGN,彩绘灯泡彩虹设计,家居装饰
85130B,BEADED CRYSTAL HEART GREEN LARGE,大号绿色水晶串珠心形,装饰品
85170C,SET/6 EAU DE NIL BIRD T-LIGHTS,一套6个淡青色小鸟小蜡烛,家居装饰
90000B,MIDNIGHT BLUE COPPER FLOWER NECKLAC,午夜蓝色铜花项链,装饰品
90003B,ROSE COLOUR PAIR HEART HAIR SLIDES,玫瑰色一对心形发夹,装饰品
90019C,SILVER BLACK ORBIT BRACELET,银黑色轨道手镯,装饰品
90087,CRYSTAL SEA HORSE PHONE CHARM,水晶海马手机饰物,装饰品
90187B,GREEN DROP EARRINGS W BEAD CLUSTER,绿色水滴耳环带珠簇,装饰品
90202C,GREEN ENAMEL FLOWER HAIR TIE,绿色珐琅花朵发绳,装饰品
90210C,RED   ACRYLIC FACETED BANGLE,红色亚克力刻面手镯,装饰品
22528,GARDENERS KNEELING PAD,园丁跪垫,生活用品
48189,DOORMAT FRIENDSHIP,友谊门垫,家居装饰
84989A,75 GREEN FAIRY CAKE CASES,75个绿色仙女蛋糕杯,厨房用品
21410,COUNTRY COTTAGE  DOORSTOP GREEN,乡村小屋门挡绿色,家居装饰
85173,SET/6 FROG PRINCE T-LIGHT CANDLES,一套6个青蛙王子小蜡烛,家居装饰
22513,DOORSTOP FOOTBALL DESIGN,足球设计门挡,家居装饰
85119,WATERING CAN SINGLE HOOK PISTACHIO,开心果色单钩浇水罐,生活用品
22875,NUMBER TILE COTTAGE GARDEN 7,乡村花园数字瓷砖7,家居装饰
21689,SILVER VANILLA  FLOWER CANDLE POT,银色香草花蜡烛罐,家居装饰
84247E,PACK/12 XMAS FUN CARD,一包12张圣诞趣味卡片,派对用品
85170B,SET/6 BLACK BIRD T-LIGHT CANDLES,一套6个黑鸟小蜡烛,家居装饰
85170A,SET/6 IVORY BIRD T-LIGHT CANDLES,一套6个象牙色小鸟小蜡烛,家居装饰
85059,FRENCH ENAMEL WATER BASIN,法式珐琅水盆,家居装饰
84497,BUTTONS AND STRIPES NOTEBOOK,纽扣和条纹笔记本,生活用品
85026B,EAU DE NILE JEWELLED T-LIGHT HOLDER,淡青色镶珠宝小烛台,家居装饰
90175D,TIGRIS EYE CHUNKY CHARM BRACELET,底格里斯之眼粗链条手镯,装饰品
22512,DOORSTOP RACING CAR DESIGN,赛车设计门挡,家居装饰
22611,VINTAGE UNION JACK SHOPPING BAG,复古英国国旗购物袋,购物袋
22873,NUMBER TILE COTTAGE GARDEN 5,乡村花园数字瓷砖5,家居装饰
37467,PIG MUG IN TWO COLOUR DESIGNS,双色设计猪猪马克杯,厨房用品
84251B,"GREETING CARD, STICKY GORDON",问候卡，粘性戈登,派对用品
84927D,LA PALMIERA TILE HOOK,棕榈树瓷砖挂钩,家居装饰
85040A,S/4 PINK FLOWER CANDLES IN BOWL,一套4个粉色花朵蜡烛带碗,家居装饰
85213,MINI  ZINC GARDEN DECORATIONS,迷你锌制花园装饰品,家居装饰
90001C,ANTIQUE OPAL WHITE FLOWER EARRINGS,古董蛋白石白色花朵耳环,装饰品
90019A,SILVER M.O.P ORBIT BRACELET,银色珍珠母轨道手镯,装饰品
90023,FILIGREE DIAMANTE EARRINGS,金银丝钻石耳环,装饰品
90027A,GLASS BEAD HOOP EARRINGS BLACK,黑色玻璃珠圈形耳环,装饰品
90170,DAISY HAIR BAND,雏菊发带,装饰品
90186B,CRYSTAL HOOP EARRING FLORAL LEAF,水晶花卉叶子耳环,装饰品
90198A,VINTAGE ROSE BEAD BRACELET RASPBERR,复古玫瑰珠串手链 覆盆子色,装饰品
90211B,JET BLACK LAS VEGAS NECKLACE 45CM,纯黑拉斯维加斯项链 45厘米,装饰品
90214K,"LETTER ""K"" BLING KEY RING","字母""K""闪亮钥匙扣",生活用品
90214P,"LETTER ""P"" BLING KEY RING","字母""P""闪亮钥匙扣",生活用品
90214Z,"LETTER ""Z"" BLING KEY RING","字母""Z""闪亮钥匙扣",生活用品
20663,QUEEN OF THE SKIES HOLIDAY PURSE,天空女王假日钱包,生活用品
20794,BLUE  TILE HOOK,蓝色瓷砖挂钩,家居装饰
21269,ANTIQUE CREAM CUTLERY SHELF,古董白餐具架,收纳用品
21792,CLASSIC FRENCH STYLE BASKET GREEN,经典法式风格绿色篮子,家居装饰
90212C,PURPLE LAS VEGAS BRACELET ROUND,紫色拉斯维加斯圆形手链,装饰品
22708,WRAP DOLLY GIRL,包裹娃娃女孩,其他
22048,BIRTHDAY BANQUET GIFT WRAP,生日宴会礼品包装纸,派对用品
22057,CERAMIC PLATE STRAWBERRY DESIGN,草莓设计陶瓷盘,厨房用品
22930,BAKING MOULD HEART MILK CHOCOLATE,心形牛奶巧克力烘焙模具,厨房用品
22931,BAKING MOULD HEART WHITE CHOCOLATE,心形白巧克力烘焙模具,厨房用品
22937,BAKING MOULD CHOCOLATE CUPCAKES,巧克力纸杯蛋糕烘焙模具,厨房用品
22710,WRAP I LOVE LONDON,我爱伦敦包装纸,派对用品
22051,BLUE SCANDINAVIAN PAISLEY WRAP,蓝色斯堪的纳维亚佩斯利花纹包装纸,派对用品
22936,BAKING MOULD ROSE WHITE CHOCOLATE,玫瑰白巧克力烘焙模具,厨房用品
22935,BAKING MOULD ROSE MILK CHOCOLATE,玫瑰牛奶巧克力烘焙模具,厨房用品
21275,ZINC TOP  2 DOOR WOODEN SHELF,锌顶双门木架,收纳用品
85068,CREAM SWEETHEART SHELF + HOOKS,奶油色甜心架+挂钩,收纳用品
47348A,FUSCHIA VOILE POINTY SHOE DEC,紫红色尖头鞋装饰纱,家居装饰
21686,MEDINA STAMPED METAL STOOL,麦地那压花金属凳,家居装饰
85024C,PINK SMALL JEWELLED PHOTOFRAME,粉色小珠宝相框,家居装饰
71038,WHITE HANGING BEADS CANDLE HOLDER,白色悬挂珠串烛台,家居装饰
84613C,BLUE NEW BAROQUE FLOCK CANDLESTICK,蓝色新巴洛克绒面烛台,家居装饰
84910A,PINK PAISLEY CUSHION COVER,粉色佩斯利花纹靠垫套,家居装饰
21246,RED RETROSPOT BIG BOWL,红色复古波点大碗,厨房用品
21376,LARGE  TALL CAMPHOR WOOD TOADSTOOL,大型高款樟木蘑菇装饰,家居装饰
20618,QUEEN OF THE SKIES PASSPORT COVER,天空女王护照套,生活用品
16202E,BLACK PHOTO ALBUM,黑色相册,生活用品
47420,ASSORTED COLOUR SUCTION CUP HOOK,彩色吸盘挂钩,家居装饰
22510,GINGHAM BABUSHKA DOORSTOP,格子布娃娃门挡,家居装饰
48116,DOORMAT MULTICOLOUR STRIPE,彩色条纹门垫,家居装饰
72709,IVORY SCULPTED RND CANDLE,象牙白雕刻圆形蜡烛,家居装饰
72132,COLUMBIAN CUBE CANDLE,哥伦比亚方块蜡烛,家居装饰
85118,HEART T-LIGHT HOLDER,心形小烛台,家居装饰
35968,FOLK ART METAL HEART T-LIGHT HOLDER,民间艺术金属心形小烛台,家居装饰
22063,CERAMIC BOWL WITH STRAWBERRY DESIGN,草莓设计陶瓷碗,厨房用品
90184B,AMETHYST CHUNKY BEAD BRACELET W STR,紫水晶粗珠手链配皮绳,装饰品
90184A,AMBER CHUNKY BEAD BRACELET W STRAP,琥珀粗珠手链配皮绳,装饰品
84415B,BLUE FLOCK CUSHION COVER,蓝色绒面靠垫套,家居装饰
20906,VINTAGE NOTEBOOK BEAUTY GIRL,复古美女笔记本,生活用品
20703,BLUE PADDED SOFT MOBILE,蓝色软垫手机支架,生活用品
71495B,CD WALL TIDY RED FLOWERS,红色花朵CD收纳盒,收纳用品
78124,MAGAZINE RACK GEBRA ASSORTED,杂志架 多种颜色,收纳用品
79403,FROSTED WHITE BASE,磨砂白底座,家居装饰
84251G,"GREETING CARD, OVERCROWDED POOL.",贺卡，拥挤的游泳池,生活用品
90034,WHITE SILVER NECKLACE SHELL GLASS,白银色贝壳玻璃项链,装饰品
90040C,MURANO STYLE GLASS BRACELET GOLD,穆拉诺风格金色彩色玻璃手链,装饰品
90089,PINK CRYSTAL SKULL PHONE CHARM,粉色水晶骷髅手机链,装饰品
90120A,PINK MURANO TWIST BRACELET,粉色穆拉诺扭纹手链,装饰品
90201D,GREEN ENAMEL FLOWER RING,绿色珐琅花朵戒指,装饰品
17013D,ORIGAMI ROSE INCENSE IN TUBE,折纸玫瑰香管,家居装饰
17096,ASSORTED LAQUERED INCENSE HOLDERS,彩色漆器香座,家居装饰
21285,RETROSPOT CANDLE  MEDIUM,复古波点中号蜡烛,家居装饰
21442,GREEN BIRDHOUSE DECORATION,绿色鸟屋装饰,家居装饰
21717,EASTER TIN BUCKET,复活节锡桶,派对用品
21749,LARGE RED RETROSPOT WINDMILL,大型红色复古波点风车,家居装饰
21750,LARGE SKULL WINDMILL,大型骷髅风车,家居装饰
22538,MINI JIGSAW GO TO THE FAIR,迷你拼图-去集市,生活用品
22541,MINI JIGSAW LEAP FROG,迷你拼图-跳青蛙,生活用品
22647,CERAMIC LOVE HEART MONEY BANK,陶瓷爱心存钱罐,生活用品
22145,CHRISTMAS CRAFT HEART STOCKING,圣诞工艺心形袜子,派对用品
22138,BAKING SET 9 PIECE RETROSPOT,9件套复古波点烘焙套装,厨房用品
85230G,ORANGE VOTIVE CANDLE,橙色许愿蜡烛,家居装饰
71215,METAL BASE FOR CANDLES,蜡烛金属底座,家居装饰
20695,FLORAL BLUE MONSTER,花卉蓝色怪物,家居装饰
22820,GIFT BAG BIRTHDAY,生日礼品袋,派对用品
84952A,CLEAR LOVE BIRD T-LIGHT HOLDER,透明爱情鸟小烛台,家居装饰
84706D,CHERRY BLOSSOM TABLE CLOCK,樱花桌钟,家居装饰
22828,REGENCY MIRROR WITH SHUTTERS,摄政风格百叶镜,家居装饰
22703,PINK CAT BOWL,粉色猫碗,宠物用品
84247L,FAWN AND MUSHROOM GREETING CARD,小鹿和蘑菇贺卡,生活用品
22698,PINK REGENCY TEACUP AND SAUCER,粉色摄政风格茶杯和茶碟,厨房用品
84192,ASSORTED COLOUR METAL CAT,彩色金属猫装饰,家居装饰
21628,TRIANGULAR POUFFE VINTAGE,三角形复古坐垫,家居装饰
22254,FELT TOADSTOOL LARGE,大型毛毡蘑菇,家居装饰
21615,4 LAVENDER BOTANICAL DINNER CANDLES,4支薰衣草植物晚餐蜡烛,家居装饰
22236,CAKE STAND 3 TIER MAGIC GARDEN,魔法花园三层蛋糕架,厨房用品
22933,BAKING MOULD EASTER EGG MILK CHOC,复活节彩蛋牛奶巧克力模具,厨房用品
85107,CUT GLASS T-LIGHT HOLDER OCTAGON,八角形切割玻璃小烛台,家居装饰
21382,SET/4 SPRING FLOWER DECORATION,4件套春季花卉装饰,家居装饰
44235,ASS COL CIRCLE MOBILE,彩色圆形挂饰,家居装饰
40003,WHITE BAMBOO RIBS LAMPSHADE,白色竹肋灯罩,家居装饰
79190B,RETRO PLASTIC POLKA TRAY,复古塑料波点托盘,厨房用品
90036D,"FLOWER GLASS GARLAND NECKL.36""BLACK",花卉玻璃花环项链 36英寸 黑色,装饰品
21535,RED RETROSPOT SMALL MILK JUG,红色复古波点小奶壶,厨房用品
21120,*Boombox Ipod Classic,Boombox iPod Classic音箱,生活用品
21264,WHITE GOOSE FEATHER TREE 60CM,白色鹅毛树 60厘米,家居装饰
21284,RETROSPOT CANDLE  SMALL,复古波点小号蜡烛,家居装饰
22269,EGG CUP NATURAL CHICKEN,天然小鸡蛋杯,厨房用品
22526,WHEELBARROW FOR CHILDREN,儿童手推车,生活用品
84012,MAGIC SHEEP WOOL GROWING FROM PAPER,魔法绵羊毛从纸上生长,手工用品
85180B,PINK HEARTS LIGHT CHAIN,粉色爱心灯链,家居装饰
90030B,RED KUKUI COCONUT SEED NECKLACE,红色库库伊椰子种子项链,装饰品
90030C,BROWN KUKUI COCONUT SEED NECKLACE,棕色库库伊椰子种子项链,装饰品
90039B,FIRE POLISHED GLASS BRACELET MONTAN,火抛光玻璃手链 蒙坦色,装饰品
90039D,FIRE POLISHED GLASS BRACELET GREEN,火抛光玻璃手链 绿色,装饰品
90093,CLEAR CRYSTAL STAR PHONE CHARM,透明水晶星星手机挂饰,装饰品
90128A,PINK LEAVES AND BEADS PHONE CHARM,粉色叶子和珠子手机挂饰,装饰品
90128C,GREEN LEAVES AND BEADS PHONE CHARM,绿色叶子和珠子手机挂饰,装饰品
90128D,PURPLE LEAVES AND BEADS PHONE CHAR,紫色叶子和珠子手机挂饰,装饰品
90161C,ANT COPPER LIME BOUDICCA BRACELET,蚂蚁铜石灰布迪卡手链,装饰品
90174,BUTTERFLY HAIR BAND,蝴蝶发带,装饰品
90188,DROP EARRINGS W FLOWER & LEAF,花朵叶子吊坠耳环,装饰品
90214O,"LETTER ""O"" BLING KEY RING","字母""O""闪亮钥匙扣",生活用品
DCGS0076,SUNJAR LED NIGHT NIGHT LIGHT,SUNJAR LED夜灯,家居装饰
16015,MEDIUM CHINESE STYLE SCISSOR,中式风格中号剪刀,手工用品
16008,SMALL FOLDING SCISSOR(POINTED EDGE),小号折叠剪刀（尖头）,手工用品
37444B,BLUE BREAKFAST CUP AND SAUCER,蓝色早餐杯碟套装,厨房用品
37333,"RETRO ""TEA FOR ONE""","复古""一人茶具""",厨房用品
20778,GARDEN PATH NOTEBOOK,花园小径笔记本,生活用品
20758,ABSTRACT CIRCLES POCKET BOOK,抽象圆圈口袋书,生活用品
22319,HAIRCLIPS FORTIES FABRIC ASSORTED,四十年代布料发夹套装,装饰品
22824,3 TIER SWEETHEART GARDEN SHELF,3层甜心花园架,家居装饰
21132,SILVER STANDING GNOME,银色站立地精,装饰品
84818,DANISH ROSE PHOTO FRAME,丹麦玫瑰相框,家居装饰
84798A,PINK FOXGLOVE ARTIIFCIAL FLOWER,粉色毛地黄人造花,家居装饰
22230,JIGSAW TREE WITH WATERING CAN,拼图树与浇水壶,装饰品
90033,IVORY SHELL HEART EARRINGS,象牙色贝壳心形耳环,装饰品
84843,WHITE SOAP RACK WITH 2 BOTTLES,白色肥皂架配2个瓶子,生活用品
85032A,ROMANTIC IMAGES GIFT WRAP SET,浪漫图案礼品包装套装,派对用品
85032C,CURIOUS IMAGES GIFT WRAP SET,奇特图案礼品包装套装,派对用品
21144,PINK POODLE HANGING DECORATION,粉色贵宾犬悬挂装饰,装饰品
21317,GLASS SPHERE CANDLE STAND MEDIUM,玻璃球形烛台中号,家居装饰
72815,3 WICK CHRISTMAS BRIAR CANDLE,3芯圣诞荆棘蜡烛,家居装饰
84968E,SET OF 16 VINTAGE BLACK CUTLERY,16件套复古黑色餐具,厨房用品
22885,NUMBER TILE VINTAGE FONT 6,复古字体数字瓷砖6,家居装饰
84660B,BLACK STITCHED WALL CLOCK,黑色缝线挂钟,家居装饰
84356,POMPOM CURTAIN,绒球窗帘,家居装饰
47578A,ENGLISH ROSE SMALL SCENTED FLOWER,英伦玫瑰小香花,家居装饰
21562,HAWAIIAN GRASS SKIRT,夏威夷草裙,派对用品
22856,ASSORTED EASTER DECORATIONS  BELLS,复活节装饰铃铛套装,派对用品
22934,BAKING MOULD EASTER EGG WHITE CHOC,白巧克力复活节蛋烘焙模具,厨房用品
16048,TEATIME ROUND PENCIL SHARPENER,茶时光圆形卷笔刀,生活用品
20932,PINK POT PLANT CANDLE,粉色盆栽蜡烛,家居装饰
22263,FELT EGG COSY LADYBIRD,毛毡鸡蛋保温套 瓢虫,厨房用品
46776F,WOVEN ROSE GARDEN CUSHION COVER,编织玫瑰花园靠垫套,家居装饰
84509E,SET OF 4 CAROUSEL PLACEMATS,4件套旋转木马餐垫,厨房用品
84510E,SET OF 4 GREEN CAROUSEL COASTERS,4件套绿色旋转木马杯垫,厨房用品
84748,FOLK FELT HANGING MULTICOL GARLAND,民俗毛毡悬挂多彩花环,家居装饰
90070,RUBY GLASS CLUSTER BRACELET,红宝石玻璃串珠手链,装饰品
90147,CHUNKY SILVER NECKLACE PASTEL FLOWE,粗银项链 淡雅花朵,装饰品
90201C,RED ENAMEL FLOWER RING,红色珐琅花朵戒指,装饰品
37475,SET/4 COLOURFUL MIXING BOWLS,4件套彩色搅拌碗,厨房用品
84951A,SET OF 4 PISTACHIO LOVEBIRD COASTER,4件套开心果色爱情鸟杯垫,厨房用品
84951B,SET OF 4 BLACK LOVEBIRD COASTERS,4件套黑色爱情鸟杯垫,厨房用品
22053,EMPIRE DESIGN ROSETTE,帝国设计玫瑰花饰,装饰品
21131,GOLD STANDING GNOME,金色站立地精,装饰品
20654,FIRST CLASS LUGGAGE TAG,头等舱行李牌,生活用品
17165D,ASS COL LARGE SAND FROG P'WEIGHT,大号沙蛙镇纸套装,家居装饰
22291,HANGING CHICK CREAM DECORATION,悬挂小鸡奶油装饰,装饰品
20868,SILVER FABRIC MIRROR,银色织物镜子,家居装饰
84820,DANISH ROSE TRINKET TRAYS,丹麦玫瑰小饰品盘,收纳用品
85006,SET 4 NURSERY DES ROUND BOXES,4件套育婴圆盒,收纳用品
84821,DANISH ROSE DELUXE COASTER,丹麦玫瑰豪华杯垫,厨房用品
84638,SMALL KITCHEN FLOWER POTS PLAQUE,小厨房花盆装饰牌,厨房用品
22229,BUNNY WOODEN PAINTED WITH FLOWER,彩绘木兔配花朵,装饰品
22228,BUNNY WOODEN PAINTED WITH BIRD,彩绘木兔配小鸟,装饰品
16169P,WRAP GREEN RUSSIAN FOLKART,绿色俄罗斯民间艺术包装纸,派对用品
16054,POPART RECT PENCIL SHARPENER ASST,波普艺术矩形卷笔刀套装,生活用品
84595E,LARGE TORTILLA DESIGN RED BOWL,大号玉米饼设计红碗,厨房用品
35915B,BLUE KNITTED HEN,蓝色编织母鸡,装饰品
85086A,CANDY SPOT HEART DECORATION,糖果斑点心形装饰,装饰品
85084,HOLLY TOP CHRISTMAS STOCKING,冬青顶部圣诞袜,派对用品
81950V,FLOWER PURPLE CLOCK W/SUCKER,紫色花朵时钟带吸盘,家居装饰
22055,MINI CAKE STAND  HANGING STRAWBERY,迷你蛋糕架 悬挂草莓,厨房用品
84631,FRUIT TREE AND BIRDS WALL PLAQUE,水果树与小鸟墙饰,家居装饰
84799,SPRIG LAVENDER ARTIFICIAL FLOWER,薰衣草小枝人造花,家居装饰
35004P,SET OF 3 PINK FLYING DUCKS,3件套粉色飞鸭,家居装饰
21454,PAINTED PINK RABBIT,彩绘粉色兔子,装饰品
22391,PAPERWEIGHT HOME SWEET HOME,甜蜜之家纸镇,家居装饰
21318,GLASS CHALICE BLUE SMALL,蓝色小玻璃圣杯,家居装饰
21418,STARFISH SOAP DISH,海星皂碟,生活用品
21420,OYSTER TRINKET BOX,牡蛎小饰品盒,收纳用品
22286,"DECORATION , WOBBLY RABBIT , METAL",金属摇摆兔子装饰,装饰品
22287,"DECORATION , WOBBLY CHICKEN, METAL",金属摇摆小鸡装饰,装饰品
35609A,PINK FEATHER CHRISTMAS DECORATION,粉色羽毛圣诞装饰,派对用品
35610C,WHITE CHRISTMAS FLOCK DROPLET,白色圣诞植绒水滴,派对用品
46776D,WOVEN SUNSET CUSHION COVER,编织日落靠垫套,家居装饰
84688,BEACH HUT DESIGN BLACKBOARD,海滩小屋设计黑板,家居装饰
84931A,PINK SCOTTIE DOG W FLOWER PATTERN,粉色苏格兰犬配花朵图案,装饰品
85211,S/4 GROOVY CAT MAGNETS,4件套时髦猫咪磁铁,家居装饰
90031,BILI NUT AND WOOD NECKLACE,贝利坚果和木制项链,装饰品
90040A,MURANO STYLE GLASS BRACELET RED,穆拉诺风格红色玻璃手链,装饰品
90125B,AQUA BERTIE GLASS BEAD BAG CHARM,水绿色贝蒂玻璃串珠包饰,装饰品
90125D,PURPLE BERTIE GLASS BEAD BAG CHARM,紫色贝蒂玻璃串珠包饰,装饰品
DCGS0003,BOXED GLASS ASHTRAY,盒装玻璃烟灰缸,生活用品
85230E,STRAWBRY SCENTED VOTIVE CANDLE,草莓香味许愿蜡烛,家居装饰
22826,LOVE SEAT ANTIQUE WHITE METAL,古董白金属双人沙发,家居装饰
22852,DOG BOWL VINTAGE CREAM,复古奶油色狗碗,宠物用品
22102,MIRROR MOSAIC T-LIGHT HOLDER,马赛克镜子茶灯座,家居装饰
16033,MINI HIGHLIGHTER PENS,迷你荧光笔,文具用品
20830,SILVER PHOTO FRAME,银色相框,家居装饰
20831,GOLD PHOTO FRAME,金色相框,家居装饰
90003D,CRYSTAL PAIR HEART HAIR SLIDES,水晶心形发夹对装,饰品
90067A,PINK VINTAGE VICTORIAN EARRINGS,粉色复古维多利亚风格耳环,饰品
21378,SMALL TALL CAMPHOR WOOD TOADSTOOL,小型高款樟木蘑菇装饰,装饰品
85032B,BLOSSOM IMAGES GIFT WRAP SET,花朵图案礼品包装纸套装,派对用品
22857,ASSORTED EASTER GIFT TAGS,复活节礼品标签混装,派对用品
22858,EASTER TIN KEEPSAKE,复活节纪念铁盒,收纳用品
22861,EASTER TIN CHICKS IN GARDEN,花园小鸡复活节铁盒,收纳用品
22232,JIGSAW TOADSTOOLS 3 PIECE,蘑菇拼图3件套,玩具
20793,BLUE TILED TRAY,蓝色瓷砖托盘,厨房用品
20664,TROPICAL HOLIDAY PURSE,热带假日手提包,购物袋
47593A,CAROUSEL PONIES BABY BIB,旋转木马小马婴儿围兜,婴儿用品
20670,VIP HOLIDAY PURSE,VIP假日手提包,购物袋
21946,PARTY TIME DESIGN FLANNEL,派对时间设计法兰绒,生活用品
20666,ECONOMY HOLIDAY PURSE,经济型假日手提包,购物袋
82605,OLD DOC RUSSEL METAL SIGN,老罗素医生金属标牌,装饰品
85136B,BLUE SHARK HELICOPTER,蓝色鲨鱼直升机,玩具
84882,GREEN WIRE STANDING CANDLE HOLDER,绿色金属立式烛台,家居装饰
85031A,ROMANTIC IMAGES SCRAP BOOK SET,浪漫图像剪贴簿套装,手工用品
16216,LETTER SHAPE PENCIL SHARPENER,字母形状卷笔刀,文具用品
21248,DOOR HANGER  MUM + DADS ROOM,门牌-爸爸妈妈的房间,家居装饰
21736,GOLD SCROLL GLASS T-LIGHT HOLDER,金色卷轴玻璃茶灯座,家居装饰
84922,PINK BUTTERFLY WASHBAG,粉色蝴蝶洗漱包,生活用品
90036E,"FLOWER GLASS GARLD NECKL36""AMETHYST",花朵玻璃花环项链36英寸紫水晶,饰品
90160A,PURPLE BOUDICCA LARGE BRACELET,紫色布迪卡大手镯,饰品
90160B,RED BOUDICCA LARGE BRACELET,红色布迪卡大手镯,饰品
90160D,PINK BOUDICCA LARGE BRACELET,粉色布迪卡大手镯,饰品
82011A,"BATHROOM SCALES, TROPICAL BEACH",热带海滩浴室秤,生活用品
85183A,CHARLIE & LOLA WASTEPAPER BIN BLUE,查理和萝拉蓝色垃圾桶,家居装饰
21972,SET OF 36 DINOSAUR PAPER DOILIES,36只恐龙纸杯垫套装,派对用品
22281,EASTER TREE YELLOW BIRDS,黄色小鸟复活节树,装饰品
22887,NUMBER TILE VINTAGE FONT 8,复古字体数字瓷砖8,装饰品
90126A,PINK BERTIE MOBILE PHONE CHARM,粉色伯蒂手机挂饰,饰品
90190B,GOLD/AMBER DROP EARRINGS W LEAF,金色/琥珀色叶子吊坠耳环,饰品
35610B,BLACK CHRISTMAS FLOCK DROPLET,黑色圣诞植绒水滴装饰,装饰品
84927E,FLOWERS TILE HOOK,花朵瓷砖挂钩,家居装饰
84816,DANISH ROSE BEDSIDE CABINET,丹麦玫瑰床头柜,家居装饰
90120D,WHITE MURANO TWIST BRACELET,白色穆拉诺扭纹手镯,饰品
22289,HANGING METAL CHICKEN DECORATION,悬挂金属鸡装饰,装饰品
20704,MR ROBOT SOFT TOY,机器人先生毛绒玩具,玩具
20818,GOLD TEDDY BEAR,金色泰迪熊,玩具
21199,PINK  HEART CONFETTI IN TUBE,粉色心形五彩纸屑管装,派对用品
21293,MIRRORED DOVE WALL DECORATION,镜面鸽子墙饰,家居装饰
71495A,CD WALL TIDY BLUE OFFICE,蓝色CD壁挂收纳盒,收纳用品
84584,PINK GINGHAM CAT WITH SCARF,粉色格子围巾猫,玩具
85179C,PINK BITTY LIGHT CHAIN,粉色小串灯,家居装饰
85188B,PINK METAL SWINGING BUNNY,粉色金属摇摆兔子,装饰品
90076,MONTANA DIAMOND CLUSTER EARRINGS,蒙大拿钻石簇耳环,饰品
90164A,PINK ROSEBUD PEARL BRACELET,粉色玫瑰珍珠手链,饰品
90164B,WHITE  ROSEBUD PEARL BRACELET,白色玫瑰珍珠手链,饰品
72780,BLACK SILOUETTE CANDLE PLATE,黑色剪影蜡烛盘,家居装饰
22954,HEN PARTY CORDON BARRIER TAPE,单身女郎派对警戒带,派对用品
22047,EMPIRE GIFT WRAP,帝国礼品包装纸,派对用品
22214,CANDLE PLATE LACE WHITE,白色蕾丝蜡烛盘,家居装饰
90162C,ANT SILVER FUSCHIA BOUDICCA RING,银色紫红色布迪卡戒指,饰品
90078,PINK/WHITE GLASS DEMI CHOKER,粉白玻璃半长项链,饰品
90032,IVORY SHELL HEART NECKLACE,象牙色贝壳心形项链,饰品
21331,MOROCCAN BEATEN METAL DISH LARGE,摩洛哥捶打金属大盘,厨房用品
20826,SILVER APERITIF GLASS,银色开胃酒杯,厨房用品
21145,ANTIQUE GLASS PLACE SETTING,古董玻璃餐具套装,厨房用品
22723,SET OF 6 HERB TINS SKETCHBOOK,6件装草本香料罐写生本设计,厨房用品
22722,SET OF 6 SPICE TINS PANTRY DESIGN,6件装香料罐食品储藏室设计,厨房用品
22720,SET OF 3 CAKE TINS PANTRY DESIGN,3件装蛋糕罐食品储藏室设计,厨房用品
84575A,PINK DOG CANNISTER,粉色狗粮罐,宠物用品
84313C,ORANGE TV TRAY TABLE,橙色电视托盘桌,家居装饰
21473,SWEETHEART CREAM STEEL TABLE RECT,甜心奶油色钢制长方形桌,家居装饰
90210A,GREY ACRYLIC FACETED BANGLE,灰色亚克力多面手镯,饰品
84823,DANISH ROSE FOLDING CHAIR,丹麦玫瑰折叠椅,家居装饰
90057,DIAMANTE RING ASSORTED IN BOX.,仿钻戒指盒装混装,饰品
90210D,PURPLE ACRYLIC FACETED BANGLE,紫色亚克力多面手镯,饰品
22656,VINTAGE BLUE KITCHEN CABINET,复古蓝色厨房橱柜,家居装饰
22782,SET 3 WICKER STORAGE BASKETS,3件套柳编收纳篮,收纳用品
84766,SILVER ROCOCO CANDLE STICK,银色洛可可烛台,家居装饰
20860,GOLD COSMETICS BAG WITH BUTTERFLY,金色带蝴蝶化妆包,生活用品
84711B,PINK OVAL SHAPE TRINKET BOX,粉色椭圆形首饰盒,收纳用品
84817,DANISH ROSE DECORATIVE PLATE,丹麦玫瑰装饰盘,家居装饰
35832,WOOLLY HAT SOCK GLOVE ADVENT STRING,羊毛帽袜子手套降临节日历串,生活用品
22721,SET OF 3 CAKE TINS SKETCHBOOK,3件装蛋糕罐写生本设计,厨房用品
22711,WRAP CIRCUS PARADE,马戏团游行包装纸,派对用品
22522,CHILDS GARDEN FORK BLUE,儿童园艺叉蓝色,园艺用品
22270,HAPPY EASTER HANGING DECORATION,复活节快乐悬挂装饰,装饰品
85195,HANGING HEART BASKET,悬挂心形篮子,装饰品
85194L,HANGING SPRING FLOWER EGG LARGE,大号悬挂春季花朵彩蛋,装饰品
84660A,WHITE STITCHED WALL CLOCK,白色缝线挂钟,家居装饰
75178,ASSTD COL BUTTERFLY/CRYSTAL W/CHIME,彩色蝴蝶/水晶风铃混装,装饰品
75011,BLUE DAISY MOBILE,蓝色雏菊风铃,装饰品
47503A,ASS FLORAL PRINT MULTI SCREWDRIVER,花卉图案多功能螺丝刀,工具
22888,NUMBER TILE VINTAGE FONT 9,复古字体数字瓷砖9,装饰品
22886,NUMBER TILE VINTAGE FONT 7,复古字体数字瓷砖7,装饰品
22881,NUMBER TILE VINTAGE FONT 2,复古字体数字瓷砖2,装饰品
22879,NUMBER TILE VINTAGE FONT 0,复古字体数字瓷砖0,装饰品
21631,HIPPY CHIC DECORATIVE PARASOL,嬉皮风格装饰伞,装饰品
20705,MRS ROBOT SOFT TOY,机器人夫人毛绒玩具,装饰品
90125A,PINK BERTIE GLASS BEAD BAG CHARM,粉色伯蒂玻璃珠包饰,装饰品
85180A,RED HEARTS LIGHT CHAIN,红色爱心灯链,家居装饰
90058B,CRYSTAL STUD EARRINGS ASSORTED COL,水晶耳钉（混色）,装饰品
84597B,RETRO BROWN BALL ASHTRAY,复古棕色球形烟灰缸,生活用品
84616,SILVER ROCCOCO CHANDELIER,银色洛可可风格枝形吊灯,家居装饰
84666,SQUARE CHERRY BLOSSOM CABINET,方形樱花柜子,收纳用品
84796A,PINK HAWAIIAN PICNIC HAMPER FOR 2,粉色夏威夷双人野餐篮,生活用品
20871,OPULENT VELVET SET/3 CANDLES,奢华天鹅绒三支装蜡烛套装,家居装饰
21160,KEEP OUT GIRLS DOOR HANGER,女孩勿入门挂,家居装饰
84673A,PINK FLY SWAT,粉色苍蝇拍,生活用品
37503,TEA TIME CAKE STAND IN GIFT BOX,茶时光蛋糕架（礼盒装）,厨房用品
21386,IVORY HANGING DECORATION  EGG,象牙色悬挂装饰蛋,装饰品
90146,FINE SILVER NECKLACE W PASTEL FLOWE,精致银项链配淡雅花朵,装饰品
22257,FELT FARM ANIMAL SHEEP,毛毡农场动物-绵羊,装饰品
22258,FELT FARM ANIMAL RABBIT,毛毡农场动物-兔子,装饰品
22259,FELT FARM ANIMAL HEN,毛毡农场动物-母鸡,装饰品
35817P,"ACRYLIC JEWEL SNOWFLAKE,PINK",粉色亚克力珠宝雪花,装饰品
85141,JARDIN ETCHED GLASS FRUITBOWL,花园蚀刻玻璃水果碗,厨房用品
90042A,FRESHWATER PEARL BRACELET GOLD,淡水珍珠手链（金色）,装饰品
90136,PALE PINK/AMETHYST STONE NECKLACE,淡粉色/紫水晶石项链,装饰品
90060B,FIRE POLISHED GLASS NECKL GOLD,火抛光玻璃项链（金色）,装饰品
90035A,"PEARL & SHELL 42""NECKL. GREEN",珍珠贝壳42英寸绿色项链,装饰品
90133,TEAL/FUSCHIA COL BEAD NECKLACE,蓝绿色/紫红色串珠项链,装饰品
90179A,AMBER FINE BEAD NECKLACE W TASSEL,琥珀细珠流苏项链,装饰品
79329,PINK FLOCK GLASS CANDLEHOLDER,粉色植绒玻璃烛台,家居装饰
85146,JARDIN ETCHED GLASS SMALL BELL JAR,花园蚀刻玻璃小钟形罩,家居装饰
22033,BOTANICAL ROSE GREETING CARD,植物玫瑰贺卡,生活用品
22032,BOTANICAL LILY GREETING CARD,植物百合贺卡,生活用品
84751B,BLACK MEDIUM GLASS CAKE STAND,黑色中号玻璃蛋糕架,厨房用品
84507B,STRIPES DESIGN MONKEY DOLL,条纹设计猴子玩偶,装饰品
84620,BLUE GINGHAM ROSE CUSHION COVER,蓝色格子玫瑰靠垫套,家居装饰
84929,ASSTD FRUIT+FLOWERS FRIDGE MAGNETS,水果花卉混合冰箱贴,家居装饰
22868,NUMBER TILE COTTAGE GARDEN 0,数字瓷砖-乡村花园0,家居装饰
22874,NUMBER TILE COTTAGE GARDEN 6,数字瓷砖-乡村花园6,家居装饰
22872,NUMBER TILE COTTAGE GARDEN 4,数字瓷砖-乡村花园4,家居装饰
22871,NUMBER TILE COTTAGE GARDEN 3,数字瓷砖-乡村花园3,家居装饰
47594B,SCOTTIES DESIGN WASHBAG,苏格兰梗图案洗漱包,生活用品
21196,ROUND WHITE CONFETTI IN TUBE,圆点白色五彩纸屑（管装）,派对用品
22218,CAKE STAND LACE WHITE,白色蕾丝蛋糕架,厨房用品
22062,CERAMIC BOWL WITH LOVE HEART DESIGN,爱心图案陶瓷碗,厨房用品
22040,BOTANICAL ROSE GIFT WRAP,植物玫瑰礼品包装纸,生活用品
21348,PINK SPOTS CHOCOLATE NESTING BOXES,粉色斑点巧克力嵌套盒,厨房用品
84926F,PSYCHEDELIC TILE COASTER,迷幻瓷砖杯垫,厨房用品
21400,RED PUDDING SPOON,红色布丁勺,厨房用品
35911A,MULTICOLOUR RABBIT EGG WARMER,彩色兔子保温套,厨房用品
85031C,CURIOUS IMAGES SCRAP BOOK SET,好奇图像剪贴簿套装,手工用品
84613A,PINK NEW BAROQUE FLOCK CANDLESTICK,粉色新巴洛克植绒烛台,家居装饰
90012B,BLACK DROP CRYSTAL NECKLACE,黑色水滴水晶项链,装饰品
21043,APRON MODERN VINTAGE COTTON,现代复古风格棉质围裙,厨房用品
84750B,BLACK SMALL GLASS CAKE STAND,黑色小号玻璃蛋糕架,厨房用品
21425,SKULLS STORAGE BOX LARGE,骷髅头大号收纳盒,收纳用品
72800C,4 PINK DINNER CANDLE SILVER FLOCK,四支粉色餐烛银色植绒,家居装饰
21491,SET OF THREE VINTAGE GIFT WRAPS,三张复古礼品包装纸套装,生活用品
21633,SUNFLOWER DECORATIVE PARASOL,向日葵装饰伞,装饰品
35607A,PINK FLUFFY CHRISTMAS DECORATION,粉色毛绒圣诞装饰,装饰品
22410,MONEY BOX HOUSEKEEPING DESIGN,家务设计存钱罐,生活用品
85103,SILVER T-LIGHT SETTING,银色小烛台座,家居装饰
85031B,BLOSSOM IMAGES SCRAP BOOK SET,花朵图像剪贴簿套装,手工用品
22249,DECORATION WHITE CHICK MAGIC GARDEN,白色小鸡魔法花园装饰,装饰品
22407,MONEY BOX FIRST ADE DESIGN,急救设计存钱罐,生活用品
85205B,PINK FELT EASTER RABBIT GARLAND,粉色毛毡复活节兔子花环,装饰品
22929,SCHOOL DESK AND CHAIR,学校课桌椅,生活用品
85163A,WHITE BAROQUE WALL CLOCK,白色巴洛克风格挂钟,家居装饰
85163B,BLACK BAROQUE WALL CLOCK,黑色巴洛克风格挂钟,家居装饰
85088,CANDY SPOT HAND BAG,糖果斑点手提包,购物袋
90201A,PURPLE ENAMEL FLOWER RING,紫色珐琅花朵戒指,装饰品
90202A,PURPLE ENAMEL FLOWER HAIR TIE,紫色珐琅花朵发圈,装饰品
90206A,GOLD DIAMANTE STAR BROOCH,金色水钻星星胸针,装饰品
84600,NEW BAROQUE JEWELLERY BOX,新巴洛克首饰盒,收纳用品
84857C,PINK MONTE CARLO HANDBAG,粉色蒙特卡洛手提包,购物袋
90144,SILVER DROP EARRINGS WITH FLOWER,银色花朵吊坠耳环,装饰品
90165B,WHITE ROSEBUD  PEARL EARRINGS,白色玫瑰珍珠耳环,装饰品
20694,FLORAL PINK MONSTER,粉色花朵怪物,装饰品
20869,GOLD FABRIC MIRROR,金色织物镜子,家居装饰
20954,*USB Office Mirror Ball,USB办公室镜面球,生活用品
21455,PAINTED YELLOW WOODEN DAISY,彩绘黄色木质雏菊,装饰品
35933,PINK STOCKING CHRISTMAS DECORATION,粉色圣诞袜装饰,装饰品
90027B,GLASS BEAD HOOP EARRINGS MONTANA,蒙大拿玻璃珠圈形耳环,装饰品
90122A,PINK CRYSTAL+GLASS BRACELET,粉色水晶玻璃手链,装饰品
90197B,BLACK GLASS BRACELET W HEART CHARMS,黑色玻璃心形吊坠手链,装饰品
72225C,LAVENDER SCENT CAKE CANDLE,薰衣草香味蛋糕蜡烛,家居装饰
46000U,POLYESTER FILLER PAD 30CMx30CM,聚酯纤维填充垫30x30厘米,手工用品
90072,RUBY DROP CHANDELIER EARRINGS,红宝石吊坠枝形耳环,装饰品
90214T,"LETTER ""T"" BLING KEY RING","字母""T""闪亮钥匙扣",生活用品
20934,SET/3 POT PLANT CANDLES,三支盆栽植物蜡烛套装,家居装饰
21402,RED  EGG  SPOON,红色鸡蛋勺,厨房用品
90011D,PURPLE CRYSTAL DROP EARRINGS,紫色水晶吊坠耳环,装饰品
90012A,MIDNIGHT BLUE DROP CRYSTAL NECKLACE,午夜蓝色水滴水晶项链,装饰品
90042C,FRESHWATER PEARL BRACELET IVORY,象牙色淡水珍珠手链,装饰品
90141C,TURQ PENDANT TRIPLE SHELL NECKLACE,绿松石三贝壳吊坠项链,装饰品
90142A,GREEN PENDANT SHELL NECKLACE,绿色贝壳吊坠项链,装饰品
90165A,PINK ROSEBUD PEARL EARRINGS,粉色玫瑰花蕾珍珠耳环,装饰品
90177B,DROP DIAMANTE EARRINGS BLACK DIAMON,黑色水钻垂坠耳环,装饰品
90202D,PINK ENAMEL FLOWER HAIR TIE,粉色珐琅花朵发圈,装饰品
90154,LAZER CUT NECKLACE W PASTEL BEADS,激光切割项链配柔和彩珠,装饰品
90199D,5 STRAND GLASS NECKLACE AMBER,五层琥珀色玻璃珠项链,装饰品
90014A,SILVER/MOP ORBIT NECKLACE,银/珍珠母贝轨道项链,装饰品
90178B,PURPLE CHUNKY GLASS+BEAD NECKLACE,紫色厚玻璃珠+珠子项链,装饰品
21009,ETCHED GLASS STAR TREE DECORATION,蚀刻玻璃星星树装饰,家居装饰
21793,CLASSIC FRENCH STYLE BASKET BROWN,经典法式风格棕色篮子,收纳用品
85023B,EAU DE NILE JEWELLED PHOTOFRAME,尼罗河绿色镶珠宝相框,家居装饰
85109,PINK BOUDOIR T-LIGHT HOLDER,粉色闺房茶烛台,家居装饰
84804A,CREAM DELPHINIUM ARTIFICIAL FLOWER,奶油色飞燕草人造花,家居装饰
84800L,LARGE WHITE/PINK ROSE ART FLOWER,大号白/粉色玫瑰人造花,家居装饰
84800M,MEDIUM WHITE/PINK ROSE ART FLOWER,中号白/粉色玫瑰人造花,家居装饰
84802A,WHITE ANEMONE ARTIFICIAL FLOWER,白色银莲花人造花,家居装饰
84806A,PINK CANDYSTUFT ARTIFICIAL FLOWER,粉色糖果花人造花,家居装饰
22707,WRAP MONSTER FUN,怪物趣味包装纸,派对用品
21503,TOYBOX  WRAP,玩具盒包装纸,派对用品
90108,BLUE BLOSSOM HAIR CLIP,蓝色花朵发夹,装饰品
16207A,PINK STRAWBERRY HANDBAG,粉色草莓手提包,生活用品
21747,SMALL SKULL WINDMILL,小骷髅风车,装饰品
84457,SET/3 RABBITS FLOWER SKIPPPING ROPE,套装/3只兔子花朵跳绳,生活用品
84249A,"GREETING CARD,SQUARE, DOUGHNUTS",方形甜甜圈贺卡,派对用品
22148,EASTER CRAFT 4 CHICKS,复活节手工4小鸡,手工用品
90011B,BLACK CRYSTAL DROP EARRINGS,黑色水晶垂坠耳环,装饰品
90055,CRACKED GLAZE EARRINGS BROWN,裂纹釉面棕色耳环,装饰品
90142D,MOP PENDANT SHELL NECKLACE,珍珠母贝贝壳吊坠项链,装饰品
90176B,DIAMANTE NECKLACE BLACK,黑色水钻项链,装饰品
21198,WHITE HEART CONFETTI IN TUBE,白色心形五彩纸屑管装,派对用品
90027D,GLASS BEAD HOOP EARRINGS AMETHYST,紫水晶玻璃珠圈形耳环,装饰品
44228,CANNABIS LEAF BEAD CURTAIN,大麻叶珠帘,家居装饰
85230A,OPIUM SCENTED VOTIVE CANDLE,鸦片香氛许愿蜡烛,家居装饰
79191D,RETRO PLASTIC DAISY TRAY,复古塑料雏菊托盘,家居装饰
22066,LOVE HEART TRINKET POT,爱心小饰品罐,收纳用品
35819B,"ACRYLIC HANGING JEWEL,BLUE",蓝色亚克力挂饰,装饰品
84199,GLOW IN DARK DOLPHINS,夜光海豚,装饰品
82613A,"METAL SIGN,CUPCAKE SINGLE HOOK",纸杯蛋糕单钩金属标牌,家居装饰
85135A,YELLOW DRAGONFLY HELICOPTER,黄色蜻蜓直升机,装饰品
22823,CHEST NATURAL WOOD 20 DRAWERS,天然木20抽屉柜,收纳用品
DCGS0070,CAMOUFLAGE DOG COLLAR,迷彩狗项圈,生活用品
15044A,PINK PAPER PARASOL,粉色纸伞,派对用品
85160A,WHITE BIRD GARDEN DESIGN MUG,白鸟花园设计马克杯,厨房用品
85126,LARGE ROUND CUTGLASS CANDLESTICK,大号圆形切割玻璃烛台,家居装饰
47518F,ICON PLACEMAT POP ART ELVIS,流行艺术猫王图标餐垫,厨房用品
84499,BLACK FLOWER CANDLE PLATE,黑色花朵蜡烛盘,家居装饰
16045,POPART WOODEN PENCILS ASST,流行艺术木制铅笔套装,生活用品
22046,TEA PARTY  WRAPPING PAPER,茶会包装纸,派对用品
84931B,BLUE SCOTTIE DOG W FLOWER PATTERN,蓝色苏格兰梗犬花卉图案,家居装饰
21270,ANTIQUE CREAM CUTLERY CUPBOARD,复古奶油色餐具柜,收纳用品
85161,ACRYLIC GEOMETRIC LAMP,亚克力几何造型灯,家居装饰
90011A,MIDNIGHT BLUE CRYSTAL DROP EARRINGS,午夜蓝色水晶垂坠耳环,装饰品
90013D,PURPLE VINTAGE EARRINGS,紫色复古耳环,装饰品
90024E,NEW BAROQUE B'FLY NECKLACE MONTANA,新巴洛克蝴蝶项链蒙大拿,装饰品
90024F,NEW BAROQUE B'FLY NECKLACE CRYSTAL,新巴洛克蝴蝶项链水晶,装饰品
90103,PURPLE FRANGIPANI NECKLACE,紫色鸡蛋花项链,装饰品
90152A,SILVER/NAT SHELL NECKLACE W PENDANT,银/天然贝壳吊坠项链,装饰品
90205C,LARGE CRYSTAL DIAMANTE HAIRSLIDE,大号水晶水钻发夹,装饰品
22247,BUNNY DECORATION MAGIC GARDEN,魔法花园兔子装饰,家居装饰
84251C,"GREETING CARD, TWO SISTERS.",两姐妹贺卡,派对用品
16206B,RED PURSE WITH PINK HEART,红色钱包配粉色爱心,生活用品
46138B,BLUE CHENILLE SHAGGY CUSHION COVER,蓝色雪尼尔毛绒靠垫套,家居装饰
20701,PINK CAT FLORAL CUSHION COVER,粉色猫咪花卉靠垫套,家居装饰
90112,PINK DOLLY HAIR CLIPS,粉色娃娃发夹,装饰品
35443,RASTA IN BATH W SPLIFF ASHTRAY,浴缸中拉斯塔带烟嘴烟灰缸,生活用品
21661,VINTAGE GLASS TEA CADDY,复古玻璃茶叶罐,厨房用品
90125E,AMBER BERTIE GLASS BEAD BAG CHARM,琥珀色伯特利玻璃珠包饰,装饰品
85186C,BUNNY EGG GARLAND,兔子彩蛋花环,家居装饰
84926E,FLOWERS TILE COASTER,花卉瓷砖杯垫,厨房用品
84218,BOX/12 CHICK & EGG IN BASKET,盒装12只篮中小鸡和蛋,家居装饰
85194S,HANGING SPRING FLOWER EGG SMALL,悬挂春季花朵彩蛋小号,家居装饰
22268,EASTER DECORATION SITTING BUNNY,复活节装饰坐姿兔子,家居装饰
90037B,TINY CRYSTAL BRACELET GREEN,小巧水晶手链绿色,装饰品
90041,PEARL AND CHERRY QUARTZ BRACLET,珍珠和樱桃石英手链,装饰品
90125C,TURQUOISE BERTIE GLASS BEAD CHARM,绿松石伯特利玻璃珠饰,装饰品
90163A,PINK ROSEBUD & PEARL NECKLACE,粉色玫瑰花蕾珍珠项链,装饰品
90163B,WHITE ROSEBUD & PEARL NECKLACE,白色玫瑰花蕾珍珠项链,装饰品
21412,VINTAGE GOLD TINSEL REEL,复古金色金属丝卷轴,手工用品
35911B,PINK/FLOWER RABBIT EGG WARMER,粉色/花朵兔子蛋保暖套,厨房用品
79071B,ENGLISH ROSE METAL WASTE BIN,英伦玫瑰金属垃圾桶,家居装饰
16169M,WRAP DAISY CARPET,雏菊地毯包装纸,派对用品
22709,WRAP WEDDING DAY,婚礼日包装纸,派对用品
79320,FLAMINGO LIGHTS,火烈鸟灯串,家居装饰
85042,ANTIQUE LILY FAIRY LIGHTS,复古百合仙女灯串,家居装饰
20785,FUSCHIA RETRO BAR STOOL,紫红色复古酒吧凳,家居装饰
85089,CANDY SPOT BUNNY,糖果斑点兔子,装饰品
35909A,RABBIT EASTER DECORATION,复活节兔子装饰品,装饰品
35910A,MULTICOLOUR EASTER RABBIT,彩色复活节兔子,装饰品
21763,VINTAGE WOODEN BAR STOOL,复古木质吧凳,家居装饰
20933,YELLOW POT PLANT CANDLE,黄色盆栽植物蜡烛,家居装饰
35972,DAISY FOLKART HEART DECORATION,雏菊民间艺术心形装饰,装饰品
90155,RESIN NECKLACE W PASTEL BEADS,树脂项链配淡彩色珠子,装饰品
47589,CONGRATULATIONS BUNTING,祝贺彩旗,派对用品
79323B,BLACK CHERRY LIGHTS,黑色樱桃灯串,家居装饰
21645,ASSORTED TUTTI FRUTTI ROUND BOX,什锦水果糖圆形盒子,收纳用品
84661A,WHITE SQUARE TABLE CLOCK,白色方形桌钟,家居装饰
90118,PINK DAISY BAG CHARM,粉色雏菊包饰,装饰品
90182C,BLACK 3 BEAD DROP EARRINGS,黑色三珠吊坠耳环,装饰品
21278,VINTAGE KITCHEN PRINT PUDDINGS,复古厨房印刷布丁画,家居装饰
16156L,"WRAP, CAROUSEL",旋转木马包装纸,派对用品
47351B,BLUE  VOILE LAMPSHADE,蓝色薄纱灯罩,家居装饰
21084,SET/6 COLLAGE PAPER CUPS,套装/6个拼贴纸杯,派对用品
21088,SET/6 FRUIT SALAD PAPER CUPS,套装/6个水果沙拉纸杯,派对用品
21096,SET/6 FRUIT SALAD  PAPER PLATES,套装/6个水果沙拉纸盘,派对用品
90119,METALIC LEAVES BAG CHARMS,金属叶子包饰,装饰品
84741C,CITRUS GARLAND FELT FLOWERS,柑橘花环毡花,装饰品
22266,EASTER DECORATION HANGING BUNNY,复活节悬挂兔子装饰,装饰品
22267,EASTER DECORATION EGG BUNNY,复活节彩蛋兔子装饰,装饰品
21003,ROSE DU SUD CUSHION COVER,南方玫瑰靠垫套,家居装饰
21757,LIGHTHOUSE PRINTED METAL SIGN,灯塔印刷金属标志,家居装饰
90123B,TURQUOISE HEART OF GLASS BRACELET,绿松石玻璃心手链,装饰品
90123C,GREEN HEART OF GLASS BRACELET,绿色玻璃心手链,装饰品
90122C,TURQUOISE CRYSTAL+GLASS BRACELET,绿松石水晶+玻璃手链,装饰品
90156,RESIN BRACELET W PASTEL BEADS,树脂手链配淡彩色珠子,装饰品
85023C,PINK LARGE JEWELED PHOTOFRAME,粉色大号珠宝相框,家居装饰
84617,NEW BAROQUE BLACK BOXES,新巴洛克风格黑色盒子,收纳用品
21332,MOROCCAN BEATEN METAL MIRROR,摩洛哥锤打金属镜子,家居装饰
35923,CANDY HEART HANGING DECORATION,糖果心形悬挂装饰,装饰品
84661C,PINK SQUARE TABLE CLOCK,粉色方形桌钟,家居装饰
90038B,GLASS AND PAINTED BEADS BRACELET OL,玻璃和彩绘珠子手链,装饰品
21655,HANGING RIDGE GLASS T-LIGHT HOLDER,悬挂山脊玻璃小烛台,家居装饰
79323P,PINK CHERRY LIGHTS,粉色樱桃灯串,家居装饰
90181A,AMBER GLASS/SHELL/PEARL NECKLACE,琥珀玻璃/贝壳/珍珠项链,装饰品
90214W,"LETTER ""W"" BLING KEY RING","字母""W""闪亮钥匙扣",装饰品
90059F,DIAMANTE HAIR GRIP PACK/2 LT ROSE,水钻发夹套装/2个浅玫瑰色,装饰品
21280,VINTAGE KITCHEN PRINT VEGETABLES,复古厨房印刷蔬菜画,家居装饰
90037C,TINY CRYSTAL BRACELET BLUE,小水晶手链蓝色,装饰品
90122B,JADE CRYSTAL+GLASS BRACELET,翡翠水晶+玻璃手链,装饰品
35915C,PEACH KNITTED HEN,桃子色针织母鸡,装饰品
85197,SET OF 12 MINI BUNNIES IN A BUCKET,12只迷你兔子套装（带桶）,装饰品
85019B,BLOSSOM  IMAGES NOTEBOOK SET,花朵图像笔记本套装,生活用品
16207B,PINK HEART RED HANDBAG,粉色心形红色手提包,生活用品
20698,LITTLE PINK MONSTER SOFT TOY,小粉色怪物毛绒玩具,装饰品
47556B,TEA TIME TEA TOWELS,茶时光茶巾,厨房用品
35265,COLOURFUL FLOWER FRUIT BOWL,彩色花朵水果碗,厨房用品
16162L,THE KING GIFT BAG,国王礼品袋,购物袋
90092,BLUE CRYSTAL BOOT PHONE CHARM,蓝色水晶靴子手机饰物,装饰品
90190A,SILVER/CRYSTAL DROP EARRINGS W LEAF,银色/水晶叶子吊坠耳环,装饰品
90011E,AMBER CRYSTAL DROP EARRINGS,琥珀水晶吊坠耳环,装饰品
90038A,GLASS AND PAINTED BEADS BRACELET TO,玻璃和彩绘珠子手链,装饰品
90079,VINTAGE ENAMEL & CRYSTAL NECKLACE,复古珐琅和水晶项链,装饰品
21667,GLASS CAKE COVER AND PLATE,玻璃蛋糕罩和盘子,厨房用品
22103,MIRROR MOSAIC T-LIGHT HOLDER ROUND,镜面马赛克圆形小烛台,家居装饰
90141D,ROSE PENDANT TRIPLE SHELL NECKLACE,玫瑰吊坠三贝壳项链,装饰品
85160B,BLACK BIRD GARDEN DESIGN MUG,黑鸟花园设计马克杯,厨房用品
23231,WRAP DOILEY DESIGN,花边设计包装纸,派对用品
62086A,PINK RETRO BIG FLOWER BAG,粉色复古大花朵包,生活用品
90039A,FIRE POLISHED GLASS BRACELET RED,火抛光玻璃手链红色,装饰品
21371,MIRRORED WALL ART POPPIES,镜面墙艺罂粟花,家居装饰
35912B,WHITE/PINK CHICK DECORATION,白色/粉色小鸡装饰,装饰品
23230,WRAP ALPHABET DESIGN,字母设计包装纸,派对用品
85206B,PINK FELT EASTER EGG BASKET,粉色毡制复活节彩蛋篮,装饰品
85189,HANGING BUTTERFLY  EGG,悬挂蝴蝶彩蛋,装饰品
84745A,PINK HANGING GINGHAM EASTER HEN,粉色悬挂格子复活节母鸡,装饰品
84745B,BLUE HANGING GINGHAM EASTER HEN,蓝色悬挂格子复活节母鸡,装饰品
90130D,RED STONE/CRYSTAL EARRINGS,红色石头/水晶耳环,装饰品
21117,BLOND DOLL DOORSTOP,金发娃娃门挡,家居装饰
37468,HARDMAN MUG 3 ASSORTED,哈德曼马克杯3个装混色,厨房用品
21897,POTTING SHED CANDLE CITRONELLA,盆栽棚香茅蜡烛,家居装饰
72369A,PINK CLEAR GLASS CANDLE PLATE,粉色透明玻璃蜡烛盘,家居装饰
22967,SET 3 SONG BIRD PAPER EGGS ASSORTED,套装3个鸣禽纸彩蛋混色,装饰品
22957,SET 3 PAPER VINTAGE CHICK PAPER EGG,套装3个复古小鸡纸彩蛋,装饰品
21082,SET/20 FRUIT SALAD PAPER NAPKINS,套装/20个水果沙拉纸餐巾,派对用品
21368,MIRRORED WALL ART LADIES,镜面墙艺女士图案,家居装饰
17174,ASSTD RASTA KEY-CHAINS,混合雷鬼风格钥匙链,装饰品
23233,WRAP POPPIES  DESIGN,罂粟花设计包装纸,派对用品
35921,EASTER BUNNY HANGING GARLAND,复活节兔子悬挂花环,装饰品
85200,BUNNY EGG BOX,兔子彩蛋盒,装饰品
84231,EASTER BUNNY WITH BASKET ON BACK,背着篮子的复活节兔子,装饰品
84462,3 PINK HEN+CHICKS IN BASKET,3只粉色母鸡和小鸡在篮子里,装饰品
84461,12 PINK HEN+CHICKS IN BASKET,12只粉色母鸡和小鸡在篮子里,装饰品
35922,EASTER BUNNY WREATH,复活节兔子花环,装饰品
84675,FROG KING WATERING CAN,青蛙国王浇水壶,生活用品
47469,ASSORTED SHAPES PHOTO CLIP SILVER,银色照片夹套装各种形状,家居装饰
23232,WRAP VINTAGE PETALS  DESIGN,复古花瓣设计包装纸,派对用品
84905,PINK BUTTERFLY CUSHION COVER,粉色蝴蝶靠垫套,家居装饰
84806B,WHITE CANDYSTUFT ARTIFICIAL FLOWER,白色糖果花人造花,装饰品
21458,2 PICTURE BOOK EGGS EASTER BUNNY,2本图画书彩蛋复活节兔子,派对用品
85198,ASSORTED FARMYARD ANIMALS IN BUCKET,杂色农场动物桶装,装饰品
90191,SILVER LARIAT 40CM,银色套索项链40厘米,装饰品
84796B,BLUE SAVANNAH PICNIC HAMPER FOR 2,蓝色萨凡纳双人野餐篮,生活用品
23166,MEDIUM CERAMIC TOP STORAGE JAR,中号陶瓷顶储物罐,收纳用品
20845,ZINC HEART LATTICE 2 WALL PLANTER,锌心格子2挂壁花盆,家居装饰
84033,FLAG OF ST GEORGE,圣乔治旗,装饰品
20795,LARGE BLUE PROVENCAL CERAMIC BALL,大号蓝色普罗旺斯陶瓷球,装饰品
84226,HEN HOUSE W FAMILY IN BARN & NEST,谷仓内带家庭和鸟巢的鸡舍,装饰品
79323W,WHITE CHERRY LIGHTS,白色樱桃灯串,家居装饰
21926,RED/CREAM STRIPE CUSHION COVER,红/奶油条纹靠垫套,家居装饰
37379A,PINK CHERRY BLOSSOM CUP & SAUCER,粉色樱花杯碟套装,厨房用品
35920,FOUR RABBIT EASTER DECORATIONS,四只兔子复活节装饰,派对用品
84801A,PINK HYDRANGEA ART FLOWER,粉色绣球花人造花,装饰品
84592,CROCHET ROSE PURSE WITH SUEDE BACK,钩针玫瑰包配麂皮背,生活用品
84800S,SMALL WHITE/PINK ROSE ART FLOWER,小号白/粉玫瑰人造花,装饰品
79192A,RETRO PLASTIC 70'S TRAY,70年代复古塑料托盘,厨房用品
85130C,BEADED CRYSTAL HEART BLUE  LARGE,蓝色大号水晶串珠心形,装饰品
20756,GREEN FERN POCKET BOOK,绿色蕨类植物口袋书,生活用品
21320,GLASS CHALICE GREEN  LARGE,大号绿色玻璃圣杯,家居装饰
90027C,GLASS BEAD HOOP EARRINGS GREEN,绿色玻璃珠 hoop 耳环,装饰品
90202B,WHITE ENAMEL FLOWER HAIR TIE,白色珐琅花朵发圈,生活用品
22125,UNION JACK HOT WATER BOTTLE,英国国旗热水袋,生活用品
40046A,RED DAISY PAPER LAMPSHADE,红色雏菊纸灯罩,家居装饰
85188A,GREEN METAL SWINGING BUNNY,绿色金属摇摆兔子,装饰品
84527,FLAMES SUNGLASSES PINK LENSES,粉色镜片火焰太阳镜,生活用品
72799C,PINK PILLAR CANDLE SILVER FLOCK,粉色柱状蜡烛银色植绒,家居装饰
71101E,STANDING FAIRY POLE SUPPORT,站立仙子杆支架,家居装饰
21457,2 PICTURE BOOK EGGS EASTER DUCKS,2本图画书彩蛋复活节鸭子,派对用品
21456,2 PICTURE BOOK EGGS EASTER CHICKS,2本图画书彩蛋复活节小鸡,派对用品
35647,VINTAGE BEAD PINK SHADE,复古粉色串珠灯罩,家居装饰
84632,DECORATIVE HANGING SHELVING UNIT,装饰性悬挂搁架单元,收纳用品
22764,"RUSTIC WOODEN CABINET, GLASS DOORS",rustic 木柜，带玻璃门,收纳用品
90037A,TINY CRYSTAL BRACELET RED,tiny 水晶手链红色,装饰品
35913B,WHITE/PINK CHICK EASTER DECORATION,白/粉小鸡复活节装饰,派对用品
22146,EASTER CRAFT IVY WREATH WITH CHICK,复活节工艺常春藤花环配小鸡,派对用品
21476,STEEL SWEETHEART ROUND TABLE CREAM,钢制甜心圆形奶油色桌子,家居装饰
37351,ORANGE FLOWER MUG,橙色花朵马克杯,厨房用品
21344,MOROCCAN BEATEN METAL DISH,摩洛哥捶打金属盘,家居装饰
84974,S/2 ZINC HEART DESIGN PLANTERS,S/2 锌心设计花盆,家居装饰
72821,CUPID SCENTED CANDLE IN GLASS,玻璃杯中的丘比特香薰蜡烛,家居装饰
22596,CHRISTMAS STAR WISH LIST CHALKBOARD,圣诞星愿望清单黑板,派对用品
90123D,WHITE HEART OF GLASS BRACELET,白色玻璃之心手链,装饰品
90123A,PINK HEART OF GLASS BRACELET,粉色玻璃之心手链,装饰品
90148,LONG SILVER NECKLACE PASTEL FLOWER,长款银色项链 pastel 花朵,装饰品
90016B,GOLD/M.O.P PENDANT ORBIT NECKLACE,金色/珍珠母贝吊坠轨道项链,装饰品
90016A,SILVER/M.O.P PENDANT ORBIT NECKLACE,银色/珍珠母贝吊坠轨道项链,装饰品
84847,FLORAL BATHROOM SET,花卉浴室套装,生活用品
20898,VINTAGE NOTEBOOK TRAVELOGUE,复古笔记本旅行日志,生活用品
90183C,BLACK DROP EARRINGS W LONG BEADS,黑色长珠坠式耳环,装饰品
DCGS0069,OOH LA LA DOGS COLLAR,Ooh La La 狗狗项圈,生活用品
84465,15 PINK FLUFFY CHICKS IN BOX,15只粉色毛绒小鸡盒装,派对用品
20851,ZINC HEART LATTICE TRAY OVAL,锌心格子椭圆形托盘,家居装饰
84715,SET OF 6 ICE CREAM SKITTLES,6件装冰淇淋彩色糖套装,派对用品
84919,BLUE CUSHION COVER WITH FLOWER,蓝色花朵靠垫套,家居装饰
84907,PINK YELLOW PATCH CUSHION COVER,粉色黄色拼布靠垫套,家居装饰
85024B,EAU DE NILE JEWELLED PHOTOFRAME,尼罗河绿色镶珠宝相框,家居装饰
35637C,PINK STRING CURTAIN WITH POLE,粉色线帘带杆,家居装饰
71496B,A4 WALL TIDY RED FLOWERS,A4壁挂收纳袋红色花朵,收纳用品
17028J,INCENSE BAZAAR PEACH,集市桃子味线香,家居装饰
17084A,TRANQUILITY MASALA INCENSE,宁静马萨拉线香,家居装饰
84795C,OCEAN STRIPE HAMMOCK,海洋条纹吊床,生活用品
62074B,ELEPHANT CLIP W SUCTION CUP,大象夹带吸盘,生活用品
84279B,CHERRY BLOSSOM DECORATIVE FLASK,樱花装饰扁瓶,装饰品
85063,CREAM SWEETHEART MAGAZINE RACK,奶油色甜心杂志架,收纳用品
84801B,WHITE HYDRANGEA ART FLOWER,白色绣球花人造花,装饰品
84805A,CREAM CLIMBING HYDRANGA ART FLOWER,奶油色攀爬绣球花人造花,装饰品
17136A,BLUE STONES ON WIRE FOR CANDLE,蓝色石头绕线蜡烛装饰,家居装饰
84708B,PINK JEWELLED PHOTO FRAME,粉色珠饰相框,家居装饰
44089A,PINK GAUZE BUTTERFLY LAMPSHADE,粉色薄纱蝴蝶灯罩,家居装饰
84723,CHERRY BLOSSOM CANVAS ART PICTURE,樱花帆布艺术画,家居装饰
22038,BOTANICAL LAVENDER GIFT WRAP,植物薰衣草礼品包装纸,生活用品
90098,NECKLACE+BRACELET PINK BUTTERFLY,项链+手链粉色蝴蝶,装饰品
15058C,ICE CREAM DESIGN GARDEN PARASOL,冰淇淋图案花园阳伞,生活用品
22989,SET 2 PANTRY DESIGN TEA TOWELS,2件套食品储藏室图案茶巾,厨房用品
84452,METAL RABBIT LADDER EASTER,金属兔子梯子复活节装饰,派对用品
22990,COTTON APRON PANTRY DESIGN,棉质围裙食品储藏室图案,厨房用品
85092,CANDY SPOT TEA COSY,糖果斑点茶壶套,家居装饰
37413,ICON MUG REVOLUTIONARY,标志马克杯革命系列,厨房用品
DCGSSBOY,BOYS PARTY BAG,男孩派对礼包,派对用品
DCGSSGIRL,GIRLS PARTY BAG,女孩派对礼包,派对用品
35815P,"ACRYLIC JEWEL SNOWFLAKE, PINK",粉色亚克力珠宝雪花,装饰品
21228,"POCKET MIRROR ""GLAMOROUS""",迷人款口袋镜,生活用品
72812,LARGE ZINC GLASS CANDLEHOLDER,大型锌玻璃烛台,家居装饰
79063D,"RETRO PILL BOX , REVOLUTIONARY",复古药盒，革命系列,生活用品
75172,PAINTED SEA SHELL METAL WINDCHIME,彩绘海贝金属风铃,家居装饰
45013,FOLDING SHOE TIDY,折叠式鞋子收纳盒,收纳用品
21636,MADRAS NOTEBOOK MEDIUM,马德拉斯中号笔记本,生活用品
71510,SQUARE METAL CANDLEHOLDER BASE,方形金属烛台底座,家居装饰
44265,M/COLOUR POM-POM CURTAIN,彩色绒球窗帘,家居装饰
90064B,BLACK VINTAGE  CRYSTAL EARRINGS,黑色复古水晶耳环,装饰品
90064A,WHITE VINTAGE CRYSTAL EARRINGS,白色复古水晶耳环,装饰品
90063A,WHITE VINT ART DECO CRYSTAL NECKLAC,白色复古装饰艺术水晶项链,装饰品
90063B,BLACK VINT ART DEC CRYSTAL NECKLACE,黑色复古装饰艺术水晶项链,装饰品
90029,NEW BAROQUE SMALL NECKLACE BLACK,新巴洛克风格小黑项链,装饰品
44089C,LILAC GAUZE BUTTERFLY LAMPSHADE,淡紫色薄纱蝴蝶灯罩,家居装饰
44236,PINK/PURPLE CIRCLE CURTAIN,粉紫色圆形窗帘,家居装饰
21898,POTTING SHED ROSE CANDLE,盆栽棚玫瑰香薰蜡烛,家居装饰
82095,HEART BUTTONS JEWELLERY BOX,心形按钮首饰盒,收纳用品
90024B,NEW BAROQUE B'FLY NECKLACE RED,新巴洛克蝴蝶项链红色,装饰品
84798B,PURPLE FOXGLOVE ARTIIFCIAL FLOWER,紫色毛地黄人造花,家居装饰
84803A,PINK ALLIUM  ARTIFICIAL FLOWER,粉色葱属人造花,家居装饰
21681,GIANT MEDINA STAMPED METAL BOWL,巨型麦地那压花金属碗,家居装饰
35909B,PINK FLOWERS RABBIT EASTER,粉色花朵兔子复活节装饰,装饰品
90180B,PURPLE AMETHYST NECKLACE W TASSEL,紫色紫水晶流苏项链,装饰品
90152C,BLUE/NAT SHELL NECKLACE W PENDANT,蓝/天然贝壳吊坠项链,装饰品
79406,FROSTED WHITE BASE,磨砂白底座,家居装饰
22980,PANTRY SCRUBBING BRUSH,食品储藏室刷子,厨房用品
22993,SET OF 4 PANTRY JELLY MOULDS,一套4个食品储藏室果冻模具,厨房用品
23006,TRAVEL CARD WALLET FLOWER MEADOW,花海图案旅行卡包,生活用品
23004,TRAVEL CARD WALLET PANTRY,食品储藏室图案旅行卡包,生活用品
23002,TRAVEL CARD WALLET SKULLS,骷髅图案旅行卡包,生活用品
23003,TRAVEL CARD WALLET VINTAGE ROSE,复古玫瑰图案旅行卡包,生活用品
23000,TRAVEL CARD WALLET TRANSPORT,交通工具图案旅行卡包,生活用品
22994,TRAVEL CARD WALLET RETROSPOT,复古斑点图案旅行卡包,生活用品
22998,TRAVEL CARD WALLET KEEP CALM,保持冷静图案旅行卡包,生活用品
22991,GIRAFFE WOODEN RULER,长颈鹿木尺,生活用品
22992,REVOLVER WOODEN RULER,左轮手枪木尺,生活用品
22999,TRAVEL CARD WALLET RETRO PETALS,复古花瓣图案旅行卡包,生活用品
22995,TRAVEL CARD WALLET SUKI,苏基图案旅行卡包,生活用品
22996,TRAVEL CARD WALLET VINTAGE TICKET,复古票券图案旅行卡包,生活用品
22978,PANTRY ROLLING PIN,食品储藏室擀面杖,厨房用品
22997,TRAVEL CARD WALLET UNION JACK,英国国旗图案旅行卡包,生活用品
23005,TRAVEL CARD WALLET I LOVE LONDON,我爱伦敦图案旅行卡包,生活用品
79062D,"RETRO TIN ASHTRAY,REVOLUTIONARY",复古锡制烟灰缸，革命系列,生活用品
20837,FRENCH FLORAL CUSHION COVER,法式花卉靠垫套,家居装饰
47341A,FUSCHIA TABLE RUN FLOWER,紫红色桌旗花朵,家居装饰
21087,SET/6 POSIES PAPER CUPS,一套6个小花束纸杯,派对用品
37491D,PURPLE/BLUE CERAMIC CANDLE HOLDER,紫蓝色陶瓷烛台,家居装饰
44092C,PURPLE/COPPER HANGING LAMPSHADE,紫铜色悬挂灯罩,家居装饰
79331,PINK FLOCK GLASS CANDLEHOLDER,粉色植绒玻璃烛台,家居装饰
84306,S/3 PINK SQUARE PLANTERS ROSES,一套3个粉色方形玫瑰花盆,家居装饰
44092B,BLUE WHITE PLASTIC RINGS LAMPSHADE,蓝白色塑料环灯罩,家居装饰
90065A,WHITE VINTAGE CRYSTAL BRACELET,白色复古水晶手链,装饰品
90026D,GLASS BEAD HOOP NECKLACE AMETHYST,紫水晶玻璃珠 hoop 项链,装饰品
90000A,RASPBERRY ANT COPPER FLOWER NECKLAC,覆盆子古董铜花项链,装饰品
90026C,GLASS BEAD HOOP NECKLACE GREEN,绿色玻璃珠 hoop 项链,装饰品
90026B,GLASS BEAD HOOP NECKLACE MONTANA,蒙大拿玻璃珠 hoop 项链,装饰品
35638A,PINK AND BLACK STRING CURTAIN,粉黑串珠窗帘,家居装饰
84691,PACK 20 DOLLY PEGS,一包20个晾衣夹,生活用品
85065,CREAM SWEETHEART TRAYS,奶油色甜心托盘,厨房用品
21414,SCALLOP SHELL SOAP DISH,扇贝壳皂碟,生活用品
84858C,PINK RIVIERA HANDBAG,粉色里维埃拉手袋,生活用品
84466,TOP SECRET PEN SET,绝密钢笔套装,生活用品
84687,BEACH HUT SHELF W 3 DRAWERS,带3个抽屉的海滩小屋架子,收纳用品
90100,NECKLACE+BRACELET SET PINK DAISY,粉色雏菊项链+手链套装,装饰品
84809B,PINK CHRYSANTHEMUMS ART FLOWER,粉色菊花人造花,家居装饰
72140E,BEST DAD CANDLE LETTERS,最佳爸爸蜡烛字母,家居装饰
10080,GROOVY CACTUS INFLATABLE,时髦仙人掌充气玩具,装饰品
17001,HEAVENS SCENT FRAGRANCE OILS ASSTD,天堂香味香薰油套装,家居装饰
71050,SMALL SINGLE FLAME CANDLE HOLDER,小型单焰烛台,家居装饰
90124A,PINK MURANO TWIST NECKLACE,粉色穆拉诺 twist 项链,装饰品
90135,ORANGE/WHT/FUSCHIA STONES NECKLACE,橙/白/紫红色宝石项链,装饰品
90157,RIVIERA NECKLACE,里维埃拉项链,装饰品
90176A,CLASSIC DIAMANTE NECKLACE JET,经典黑色钻石项链,装饰品
90176C,DIAMANTE NECKLACE,钻石项链,装饰品
90177A,CLASSIC DIAMANTE EARRINGS JET,经典黑色钻石耳环,装饰品
90187A,BLUE DROP EARRINGS W BEAD CLUSTER,蓝色水滴耳环带珠簇,装饰品
90001A,ANTIQUE RASPBERRY FLOWER EARRINGS,古董覆盆子花朵耳环,装饰品
84802B,PURPLE ANEMONE ARTIFICIAL FLOWER,紫色银莲花人造花,家居装饰
84803B,WHITE ALLIUM  ARTIFICIAL FLOWER,白色葱属人造花,家居装饰
23182,TOILET SIGN OCCUPIED OR VACANT,厕所标识有人或无人,家居装饰
20796,SMALL BLUE PROVENCAL CERAMIC BALL,小型蓝色普罗旺斯陶瓷球,装饰品
22979,PANTRY WASHING UP BRUSH,食品储藏室洗碗刷,厨房用品
23177,TREASURE ISLAND BOOK BOX,金银岛书盒,收纳用品
23193,BUFFALO BILL TREASURE BOOK BOX,水牛比尔宝藏书盒,收纳用品
2982,PANTRY PASTRY BRUSH,食品储藏室糕点刷,收纳用品
23126,DOLLCRAFT GIRL AMELIE KIT,DOLLCRAFT女孩阿梅莉套装,收纳用品
23127,DOLLCRAFT GIRL NICOLE,DOLLCRAFT女孩妮可,厨房用品
16020C,CLEAR STATIONERY BOX SET,透明文具盒套装,手工用品
90016C,SILVER/BLACK PENDANT ORBIT NECKLACE,银/黑色轨道吊坠项链,手工用品
90025D,BAROQUE BUTTERFLY EARRINGS PINK,粉色巴洛克蝴蝶耳环,收纳用品
23128,FELTCRAFT BOY JEAN-PAUL KIT,FELTCRAFT男孩让-保罗套装,装饰品
23194,GYMKHANA TREASURE BOOK BOX,GYMKHANA宝藏书盒,手工用品
23183,MOTHER'S KITCHEN SPOON REST,妈妈厨房勺架,手工用品
23179,CLOCK MAGNET MUM'S KITCHEN,妈妈厨房时钟磁铁,收纳用品
23178,JAM CLOCK MAGNET,果酱时钟磁铁,厨房用品
22981,PANTRY APPLE CORER,食品储藏室苹果去核器,家居装饰
37423,WHITE WITH BLACK CATS PLATE,白底黑猫盘子,家居装饰
23180,MUM'S KITCHEN CLOCK,妈妈厨房时钟,厨房用品
23049,RECYCLED ACAPULCO MAT RED,再生阿卡普尔科红色地垫,厨房用品
23053,RECYCLED ACAPULCO MAT PINK,再生阿卡普尔科粉色地垫,家居装饰
23054,RECYCLED ACAPULCO MAT LAVENDER,再生阿卡普尔科薰衣草色地垫,家居装饰
23050,RECYCLED ACAPULCO MAT GREEN,再生阿卡普尔科绿色地垫,家居装饰
23052,RECYCLED ACAPULCO MAT TURQUOISE,再生阿卡普尔科绿松石色地垫,家居装饰
23051,RECYCLED ACAPULCO MAT BLUE,再生阿卡普尔科蓝色地垫,家居装饰
79026B,"S/4 ICON COASTER,ELVIS LIVES",4个猫王生活图标杯垫,家居装饰
23185,FRENCH STYLE STORAGE JAR JAM,法式风格果酱储存罐,家居装饰
23184,BULL DOG BOTTLE OPENER,斗牛犬开瓶器,手工用品
90084,PINK CRYSTAL GUITAR PHONE CHARM,粉色水晶吉他手机挂饰,厨房用品
35607B,BLACK FEATHER CHRISTMAS DECORATION,黑色羽毛圣诞装饰,厨房用品
90038C,GLASS AND BEADS BRACELET IVORY,象牙色玻璃珠手链,装饰品
20681,MIA,米娅,装饰品
62096B,PURPLE/TURQ FLOWERS HANDBAG,紫色/绿松石花朵手提包,生活用品
16248B,BLUE HOLE PUNCH,蓝色打孔器,生活用品
21841,BABY MOUSE RED GINGHAM DRESS,红色格子裙宝宝老鼠,家居装饰
23181,BULL DOG BOTTLE TOP WALL CLOCK,斗牛犬瓶盖挂钟,其他
23187,FRENCH STYLE STORAGE JAR BONBONS,法式风格糖果储存罐,装饰品
23186,FRENCH STYLE STORAGE JAR CAFE,法式风格咖啡储存罐,手工用品
84086B,YELLOW/BLUE RETRO RADIO,黄/蓝色复古收音机,厨房用品
23010,CIRCUS PARADE BABY GIFT SET,马戏团游行婴儿礼盒套装,家居装饰
23007,SPACEBOY BABY GIFT SET,太空男孩婴儿礼盒套装,生活用品
23009,I LOVE LONDON BABY GIFT SET,我爱伦敦婴儿礼盒套装,派对用品
84842,HELLO SAILOR BATHROOM SET,你好水手浴室套装,其他
84227,HEN HOUSE W CHICK IN NEST,带小鸡巢的鸡舍,生活用品
16161G,WRAP BAD HAIR DAY,糟糕发型日包装纸,装饰品
16259,PIECE OF CAMO STATIONERY SET,迷彩文具套装,生活用品
47013A,WINE BOTTLE DRESSING LT.BLUE,浅蓝色酒瓶装饰/调味架,派对用品
22687,DOORMAT CHRISTMAS VILLAGE,圣诞村庄门垫,办公用品
84977,WIRE FLOWER T-LIGHT HOLDER,铁丝花形茶烛台,厨房用品
84968B,SET OF 16 VINTAGE IVORY CUTLERY,16件套复古象牙色餐具,家居装饰
90075,MONTANA DIAMOND CLUSTER NECKLACE,蒙大拿钻石簇项链,家居装饰
90068,"RUBY GLASS NECKLACE 42""",42英寸红宝石玻璃项链,装饰品
35910B,PINK FLOWERS RABBIT EASTER,粉色花朵兔子复活节装饰,装饰品
84750A,PINK SMALL GLASS CAKE STAND,粉色小玻璃蛋糕架,厨房用品
78033,FLAG OF ST GEORGE CHAIR,圣乔治旗帜椅子,装饰品
37488A,YELLOW PINK FLOWER DESIGN BIG BOWL,黄粉色花朵设计大碗,厨房用品
85030,FRENCH CHATEAU OVAL PLATTER,法国城堡椭圆形大盘,家居装饰
21637,ASSORTED SANSKRIT MINI NOTEBOOK,混合梵文迷你笔记本,厨房用品
47344B,BLUE FLOWER DES PURSE,蓝色花朵设计钱包,办公用品
46126A,ELVIS WALLHANGING / CURTAIN,猫王壁挂/窗帘,生活用品
90182B,AMETHYST 3 BEAD DROP EARRINGS,紫水晶3珠吊坠耳环,家居装饰
90124C,GREEN MURANO TWIST NECKLACE,绿色穆拉诺扭纹项链,装饰品
90131,PINK/AMETHYST/GOLD NECKLACE,粉色/紫水晶/金色项链,装饰品
72759,thrown away-can't sell.,已丢弃-无法出售,装饰品
72732,thrown away-can't sell,已丢弃-无法出售,生活用品
23077,DOUGHNUT LIP GLOSS,甜甜圈唇彩,生活用品
21770,OPEN CLOSED METAL SIGN,营业中/休息中金属标志,生活用品
47013C,WINE BOTTLE DRESSING DARK BLUE,深蓝色酒瓶装饰/调味架,家居装饰
84548,CROCHET BEAR RED/BLUE KEYRING,红/蓝色钩针熊钥匙扣,厨房用品
15030,FAN BLACK FRAME,黑色框架扇子,生活用品
23159,SET OF 5 PANCAKE DAY MAGNETS,5个煎饼日磁铁套装,派对用品
23154,SET OF 4 JAM JAR MAGNETS,4个果酱罐磁铁套装,家居装饰
23156,SET OF 5 MINI GROCERY MAGNETS,5个迷你杂货磁铁套装,家居装饰
23155,KNICKERBOCKERGLORY MAGNET ASSORTED,混合款冰淇淋磁铁,家居装饰
84569C,PACK 4 FLOWER/BUTTERFLY PATCHES,4片花朵/蝴蝶补丁包,家居装饰
23158,SET OF 5 LUCKY CAT MAGNETS,5个招财猫磁铁套装,家居装饰
85145,JARDIN ETCHED GLASS LARGE BELL JAR,蚀刻玻璃大型钟形罩,家居装饰
21839,MUMMY MOUSE RED GINGHAM RIBBON,红格纹缎带木乃伊老鼠,装饰品
85028S,FRENCH CHATEAU SMALL FRUITBOWL,法国城堡小型水果碗,厨房用品
85028L,FRENCH CHATEAU LARGE FRUIT BOWL,法国城堡大型水果碗,厨房用品
84856S,SMALL TAHITI BEACH BAG,小塔希提海滩包,购物袋
20821,GOLDIE LOOKING MIRROR,金色镜子,家居装饰
84743C,ORANGE FELT VASE + FLOWERS,橙色毛毡花瓶+花朵,家居装饰
23157,SET OF 6 NATIVITY MAGNETS,6件装耶稣诞生磁铁套装,装饰品
21614,SET OF 12 ROSE BOTANICAL T-LIGHTS,12件装玫瑰植物茶蜡套装,家居装饰
84549,CROCHET WHITE RABBIT KEYRING,白色兔子钩针钥匙扣,生活用品
90014C,SILVER/BLACK ORBIT NECKLACE,银/黑色轨道项链,装饰品
35649,VINTAGE BEAD COSMETIC BAG,复古串珠化妆包,收纳用品
35809B,ENAMEL BLUE RIM TEA CONTAINER,搪瓷蓝边茶叶罐,厨房用品
84686,BEACH HUT MIRROR,海滩小屋镜子,家居装饰
84576,BLUE CAT BISCUIT BARREL PINK HEART,蓝色猫咪饼干桶粉色爱心,厨房用品
23254,CHILDRENS CUTLERY DOLLY GIRL,儿童餐具洋娃娃女孩款,厨房用品
23256,CHILDRENS CUTLERY SPACEBOY,儿童餐具太空男孩款,厨房用品
90024D,NEW BAROQUE B'FLY NECKLACE PINK,新款巴洛克蝴蝶粉色项链,装饰品
23255,CHILDRENS CUTLERY CIRCUS PARADE,儿童餐具马戏团游行款,厨房用品
22039,BOTANICAL LILY GIFT WRAP,植物百合礼品包装纸,派对用品
90025A,BAROQUE BUTTERFLY EARRINGS BLACK,巴洛克蝴蝶耳环黑色,装饰品
37487B,YELLOW/ORANGE FLOWER DESIGN PLATE,黄/橙色花朵设计盘子,厨房用品
84839,SWEETHEART KEY CABINET,爱心钥匙柜,收纳用品
23205,CHARLOTTE BAG VINTAGE ALPHABET,夏洛特包复古字母设计,购物袋
23201,JUMBO BAG ALPHABET,超大字母包,购物袋
23207,LUNCH BAG ALPHABET DESIGN,午餐包字母设计,购物袋
23199,JUMBO BAG APPLES,超大苹果包,购物袋
23206,LUNCH BAG APPLE DESIGN,午餐包苹果设计,购物袋
23204,CHARLOTTE BAG APPLES DESIGN,夏洛特包苹果设计,购物袋
23208,LUNCH BAG VINTAGE LEAF DESIGN,午餐包复古叶子设计,购物袋
84689,S/2 BEACH HUT TREASURE CHESTS,2件装海滩小屋宝藏箱,收纳用品
44242B,PINK FEATHERS CURTAIN,粉色羽毛窗帘,家居装饰
PADS,PADS TO MATCH ALL CUSHIONS,配套所有靠垫的垫子,家居装饰
84731,3 BIRDS CANVAS SCREEN,3只鸟帆布屏风,家居装饰
23065,LARGE DECO JEWELLERY STAND,大型装饰珠宝架,收纳用品
16202B,PASTEL BLUE PHOTO ALBUM,淡蓝色相册,生活用品
23060,HEART BEADED TRELLIS DECORATION,心形串珠格子装饰,装饰品
23057,GEMSTONE CHANDELIER T-LIGHT HOLDER,宝石吊灯茶蜡座,家居装饰
23253,16 PIECE CUTLERY SET PANTRY DESIGN,16件餐具套装食品储藏室设计,厨房用品
23348,CHILDRENS TOY COOKING UTENSIL SET,儿童玩具烹饪用具套装,厨房用品
90181C,BLACK GLASS/SHELL/PEARL NECKLACE,黑色玻璃/贝壳/珍珠项链,装饰品
23066,SMALL DECO JEWELLERY STAND,小型装饰珠宝架,收纳用品
23068,ALUMINIUM STAMPED HEART,铝制压花心形装饰,装饰品
23075,DOUBLE CERAMIC PARLOUR HOOK,双陶瓷客厅挂钩,收纳用品
23153,ZINC SWEETHEART WIRE LETTER RACK,锌制爱心线架,收纳用品
90036C,"FLOWER GLASS GARLAND NECKL.36""BLUE",花朵玻璃花环项链36英寸蓝色,装饰品
23073,GEORGIAN TRINKET BOX,乔治亚风格首饰盒,收纳用品
90135A,ORANGE/FUSCHIA STONES NECKLACE,橙/紫红色宝石项链,装饰品
90159,COTE D'AZURE NECKLACE,蔚蓝海岸项链,装饰品
23146,TRIPLE HOOK ANTIQUE IVORY ROSE,三钩古董象牙玫瑰挂钩,收纳用品
23061,VINTAGE EMBOSSED HEART,复古浮雕心形装饰,装饰品
20823,GOLD WINE GOBLET,金色葡萄酒高脚杯,厨房用品
20827,GOLD APERITIF GLASS,金色开胃酒杯,厨房用品
23055,IVORY CHANDELIER T-LIGHT HOLDER,象牙色吊灯茶蜡座,家居装饰
23056,FLOWERS CHANDELIER T-LIGHT HOLDER,花朵吊灯茶蜡座,家居装饰
20997,ROSE DU SUD CUSHION COVER,南方玫瑰靠垫套,家居装饰
23140,TRIPLE WIRE HOOK IVORY HEART,三线钩象牙爱心挂钩,收纳用品
23141,TRIPLE WIRE HOOK PINK HEART,三线钩粉色爱心挂钩,收纳用品
23135,SMALL ZINC HEART WALL ORGANISER,小型锌制心形壁挂收纳,收纳用品
23132,SMALL IVORY HEART WALL ORGANISER,小型象牙心形壁挂收纳,收纳用品
23071,MARIE ANTOIENETT TRINKET BOX GOLD,玛丽·安托瓦内特金色首饰盒,收纳用品
23152,IVORY SWEETHEART WIRE LETTER RACK,象牙色爱心线架,收纳用品
23134,LARGE ZINC HEART WALL ORGANISER,大型锌制心形壁挂收纳,收纳用品
23133,LARGE IVORY HEART WALL ORGANISER,大型象牙心形壁挂收纳,收纳用品
84990,60 GOLD AND SILVER FAIRY CAKE CASES,60个金色和银色仙女蛋糕纸杯,派对用品
23147,SINGLE ANTIQUE ROSE HOOK IVORY,单钩古董玫瑰象牙挂钩,收纳用品
23148,MINIATURE ANTIQUE ROSE HOOK IVORY,迷你古董玫瑰象牙挂钩,收纳用品
23144,ZINC T-LIGHT HOLDER STARS SMALL,锌制星星小茶蜡座,家居装饰
23142,IVORY WIRE KITCHEN ORGANISER,象牙色线制厨房收纳架,收纳用品
23136,IVORY WIRE SWEETHEART LETTER TRAY,象牙色爱心线盘,收纳用品
23139,SINGLE WIRE HOOK PINK HEART,单线钩粉色爱心挂钩,收纳用品
23138,SINGLE WIRE HOOK IVORY HEART,单线挂钩象牙心形,装饰品
23150,IVORY SWEETHEART SOAP DISH,象牙色甜心皂碟,家居装饰
23145,ZINC T-LIGHT HOLDER STAR LARGE,锌制星星大号茶烛台,家居装饰
90025B,BAROQUE BUTTERFLY EARRINGS RED,巴洛克风格红色蝴蝶耳环,装饰品
23137,ZINC WIRE SWEETHEART LETTER TRAY,锌制线框甜心字母托盘,收纳用品
72024U,LILAC VOTIVE CANDLE,淡紫色许愿蜡烛,家居装饰
16049,TEATIME GEL PENS ASST,茶时光凝胶笔套装,手工用品
23069,EDWARDIAN PHOTO FRAME,爱德华风格相框,家居装饰
16244B,MAXWELL 2 TONE BLUE 60 PAGE PHOTO A,麦克斯韦双色蓝60页相册,生活用品
23131,MISTLETOE HEART WREATH CREAM,槲寄生心形奶油色花环,装饰品
23067,HANGING ENGRAVED METAL HEART,悬挂式雕刻金属心形,装饰品
47341B,BLUE TABLE RUN FLOWER,蓝色桌旗花朵,家居装饰
62097B,BLUE STRIPES SHOULDER BAG,蓝色条纹单肩包,生活用品
90021,LASER CUT MULTI STRAND NECKLACE,激光切割多层项链,装饰品
23163,REGENCY SUGAR TONGS,摄政风格糖夹,厨房用品
23283,DOORMAT VINTAGE LEAVES DESIGN,复古叶子图案门垫,家居装饰
23162,REGENCY TEA STRAINER,摄政风格茶滤,厨房用品
84016,FLAG OF ST GEORGE CAR FLAG,圣乔治旗汽车旗,装饰品
DCGS0004,HAYNES CAMPER SHOULDER BAG,海恩斯露营单肩包,生活用品
20838,FRENCH LATTICE CUSHION COVER,法式格子靠垫套,家居装饰
72811,SMALL ZINC/GLASS CANDLEHOLDER,小号锌/玻璃烛台,家居装饰
20816,GOLD FLOWER CUSHION COVER,金色花朵抱枕套,家居装饰
23048,SET OF 10 LANTERNS FAIRY LIGHT STAR,10个装星星仙女灯灯笼,派对用品
23042,PAPER LANTERN 7 POINT SNOW STAR,7角雪花星纸灯笼,派对用品
23041,PAPER LANTERN 9 POINT SNOW STAR,9角雪花星纸灯笼,派对用品
23040,PAPER LANTERN 9 POINT SNOW STAR,9角雪花星纸灯笼,派对用品
23064,CINDERELLA CHANDELIER,灰姑娘枝形吊灯,家居装饰
85225,BLING KEY RING STAND,闪亮钥匙扣架,收纳用品
23130,MISTLETOE HEART WREATH GREEN,槲寄生心形绿色花环,装饰品
84629,WHITE 3 FRAME BIRDS AND TREE,白色3框鸟与树画框,家居装饰
22987,WRAP SUMMER ROSE DESIGN,夏日玫瑰图案包装,生活用品
20836,FRENCH PAISLEY CUSHION COVER,法国佩斯利抱枕套,家居装饰
23160,REGENCY TEA SPOON,摄政风格茶匙,厨房用品
23161,REGENCY CAKE FORK,摄政风格蛋糕叉,厨房用品
23164,REGENCY CAKE SLICE,摄政风格蛋糕铲,厨房用品
23149,ANTIQUE IVORY WIRE BOWL SMALL,古董象牙色线框小碗,家居装饰
84705C,PINK FLOCK PHOTO FRAME,粉色植绒相框,家居装饰
23143,ZINC WIRE KITCHEN ORGANISER,锌制线框厨房收纳盒,收纳用品
23299,FOOD COVER WITH BEADS SET 2,带珠食物罩套装2个,厨房用品
23298,SPOTTY BUNTING,波点彩旗,派对用品
23070,EDWARDIAN HEART PHOTO FRAME,爱德华风格心形相框,家居装饰
23151,ZINC SWEETHEART SOAP DISH,锌制甜心皂碟,家居装饰
23043,PAPER LANTERN 9 POINT HOLLY STAR 40,9角冬青星纸灯笼40,派对用品
23045,PAPER LANTERN 5 POINT STAR MOON 30,5角星月纸灯笼30,派对用品
20964,POLYESTER FILLER PAD 60x40cm,聚酯纤维填充垫60x40厘米,生活用品
23202,JUMBO BAG VINTAGE LEAF,复古叶子图案大号袋,购物袋
23200,JUMBO BAG PEARS,梨子图案大号袋,购物袋
23203,JUMBO BAG DOILEY PATTERNS,镂空图案大号袋,购物袋
23209,LUNCH BAG DOILEY PATTERN,镂空图案午餐袋,购物袋
23072,MARIE ANTOINETTE TRINKET BOX SILVER,玛丽安托瓦内特银色首饰盒,收纳用品
23046,PAPER LANTERN 9 POINT DELUXE STAR,9角豪华星纸灯笼,派对用品
23047,PAPER LANTERN 5 POINT SEQUIN STAR,5角亮片星纸灯笼,派对用品
23044,PAPER LANTERN 9 POINT HOLLY STAR S,9角冬青星小号纸灯笼,派对用品
90036A,FLOWER GARLAND NECKLACE RED,红色花环项链,装饰品
90083,CRYSTAL CZECH CROSS PHONE CHARM,捷克水晶十字架手机挂饰,装饰品
23282,FOLDING BUTTERFLY MIRROR IVORY,象牙色折叠蝴蝶镜,生活用品
23280,FOLDING BUTTERFLY MIRROR HOT PINK,热粉色折叠蝴蝶镜,生活用品
23190,BUNDLE OF 3 SCHOOL EXERCISE BOOKS,3本装学校练习本,手工用品
23191,BUNDLE OF 3 RETRO NOTE BOOKS,3本装复古笔记本,手工用品
23192,BUNDLE OF 3 ALPHABET EXERCISE BOOKS,3本装字母练习本,手工用品
23175,REGENCY MILK JUG PINK,摄政风格粉色牛奶壶,厨房用品
23174,REGENCY SUGAR BOWL GREEN,摄政风格绿色糖碗,厨房用品
23173,REGENCY TEAPOT ROSES,摄政风格玫瑰茶壶,厨房用品
23172,REGENCY TEA PLATE PINK,摄政风格粉色茶碟,厨房用品
23171,REGENCY TEA PLATE GREEN,摄政风格绿色茶碟,厨房用品
23170,REGENCY TEA PLATE ROSES,摄政风格玫瑰茶碟,厨房用品
23081,GREEN METAL BOX ARMY SUPPLIES,绿色金属军需品盒,收纳用品
23084,RABBIT NIGHT LIGHT,兔子夜灯,家居装饰
23281,FOLDING BUTTERFLY MIRROR RED,红色折叠蝴蝶镜,生活用品
23118,PARISIENNE JEWELLERY DRAWER,巴黎风格珠宝抽屉柜,收纳用品
23096,PETIT TRAY CHIC,时尚小托盘,家居装饰
23091,ZINC HERB GARDEN CONTAINER,锌制香草花园容器,家居装饰
23094,LE GRAND TRAY CHIC SET,时尚大托盘套装,家居装饰
23108,SET OF 10 LED DOLLY LIGHTS,10个装LED娃娃灯,派对用品
23080,RED METAL BOX TOP SECRET,红色金属绝密盒,收纳用品
23110,PARISIENNE KEY CABINET,巴黎风格钥匙柜,收纳用品
23100,SILVER BELLS TABLE DECORATION,银铃餐桌装饰,家居装饰
23102,SILVER HEARTS TABLE DECORATION,银心餐桌装饰,家居装饰
23082,SET 6 PAPER TABLE LANTERN HEARTS,6个装纸制心形灯笼,派对用品
16151A,FLOWERS HANDBAG blue and orange,花朵手提包 蓝色和橙色,购物袋
23093,SMALL PARISIENNE HEART PHOTO FRAME,小型巴黎风情心形相框,家居装饰
23109,LED TEA LIGHTS,LED茶蜡灯,家居装饰
23103,BELL HEART DECORATION,铃铛心形装饰,装饰品
23112,PARISIENNE CURIO CABINET,巴黎风情古董柜,收纳用品
23111,PARISIENNE SEWING BOX,巴黎风情缝纫盒,收纳用品
23079,TOADSTOOL BEDSIDE LIGHT,蘑菇床头灯,家居装饰
23167,SMALL CERAMIC TOP STORAGE JAR,小型陶瓷盖储物罐,厨房用品
23104,IVORY PANTRY HANGING LAMP,象牙色食品储藏室吊灯,家居装饰
23168,CLASSIC SUGAR DISPENSER,经典糖罐,厨房用品
23169,CLASSIC GLASS SWEET JAR,经典玻璃糖果罐,厨房用品
23165,LARGE CERAMIC TOP STORAGE JAR,大型陶瓷盖储物罐,厨房用品
23101,SILVER STARS TABLE DECORATION,银星餐桌装饰,家居装饰
23089,GLASS BON BON JAR,玻璃糖果罐,厨房用品
23107,WHITE WIRE PLANT POT HOLDER,白色铁丝植物盆架,家居装饰
23088,ZINC HEART FLOWER T-LIGHT HOLDER,锌制心形花朵茶蜡座,家居装饰
23106,ZINC HEARTS PLANT POT HOLDER,锌制心形植物盆架,家居装饰
23087,ZINC  HEART T-LIGHT HOLDER,锌制心形茶蜡座,家居装饰
90035C,"PEARL & SHELL 42""NECKL. IVORY",珍珠贝壳42英寸项链 象牙色,其他
23083,SET 6 PAPER TABLE LANTERN STARS,6个装纸制星星灯笼,派对用品
23301,GARDENERS KNEELING PAD KEEP CALM,园丁跪垫 保持冷静,生活用品
23300,GARDENERS KNEELING PAD CUP OF TEA,园丁跪垫 一杯茶,生活用品
23302,KNEELING MAT HOUSEWORK  DESIGN,家务设计跪垫,生活用品
47574B,ENGLISH ROSE SCENTED HANGING HEART,英伦玫瑰香氛挂心,装饰品
23090,VINTAGE GLASS T-LIGHT HOLDER,复古玻璃茶蜡座,家居装饰
23092,LARGE ANTIQUE WHITE PHOTO FRAME,大型复古白色相框,家居装饰
23085,ANTIQUE SILVER BAUBLE LAMP,复古银色球状灯,家居装饰
23086,ZINC  STAR T-LIGHT HOLDER,锌制星星茶蜡座,家居装饰
84873A,FUNKY FLOWER PICNIC BAG FOR 4,时尚花朵野餐包 4人用,购物袋
23129,HEART SHAPED HOLLY WREATH,心形冬青花环,装饰品
90081B,LILY BROOCH WHITE/SILVER COLOUR,百合花胸针 白色/银色,其他
84804B,BLUE DELPHINIUM ARTIFICIAL FLOWER,蓝色飞燕草人造花,家居装饰
84984B,RED PEONY CUSHION COVER,红色牡丹靠垫套,家居装饰
84984A,GREEN PEONY CUSHION COVER,绿色牡丹靠垫套,家居装饰
90149,SILVER FLOWR PINK SHELL NECKLACE,银花粉色贝壳项链,其他
21310,CAPIZ CHANDELIER,贝壳片吊灯,家居装饰
90018C,SILVER BLACK ORBIT DROP EARRINGS,银黑色轨道吊坠耳环,其他
23228,FILIGREE HEART BIRD WHITE,白色缕空心形小鸟,装饰品
23227,FILIGREE HEART BUTTERFLY WHITE,白色缕空心形蝴蝶,装饰品
20667,CHERRY BLOSSOM PURSE,樱花钱包,其他
23226,FILIGREE HEART DAISY WHITE,白色缕空心形雏菊,装饰品
23221,REINDEER HEART DECORATION SILVER,银色驯鹿心形装饰,装饰品
84206C,CHAMPAGNE TRAY BLANK CARD,香槟托盘空白卡片,派对用品
23214,JINGLE BELL HEART ANTIQUE GOLD,复古金色铃铛心形装饰,装饰品
23215,JINGLE BELL HEART ANTIQUE SILVER,复古银色铃铛心形装饰,装饰品
23210,WHITE ROCKING HORSE HAND PAINTED,白色手绘摇摇马,装饰品
23213,STAR WREATH DECORATION WITH BELL,带铃铛星星花环装饰,装饰品
23212,HEART WREATH DECORATION WITH BELL,带铃铛心形花环装饰,装饰品
23219,LAUREL STAR ANTIQUE SILVER,复古银色月桂星,装饰品
23224,CHERUB HEART DECORATION GOLD,金色小天使心形装饰,装饰品
23211,RED ROCKING HORSE HAND PAINTED,红色手绘摇摇马,装饰品
23216,LAUREL HEART ANTIQUE GOLD,复古金色月桂心,装饰品
23217,LAUREL HEART ANTIQUE SILVER,复古银色月桂心,装饰品
23225,CHERUB HEART DECORATION SILVER,银色小天使心形装饰,装饰品
23275,SET OF 3 HANGING OWLS OLLIE BEAK,3个装悬挂猫头鹰装饰 奥利鸟嘴,装饰品
23263,SET OF 3 WOODEN HEART DECORATIONS,3个装木制心形装饰,装饰品
23309,SET OF 60 I LOVE LONDON CAKE CASES,60个我爱伦敦蛋糕纸套装,派对用品
23270,SET OF 2 CERAMIC PAINTED HEARTS,2个陶瓷彩绘心形饰品套装,装饰品
23307,SET OF 60 PANTRY DESIGN CAKE CASES,60个食品储藏室设计蛋糕纸套装,派对用品
23306,SET OF 36 DOILIES PANTRY DESIGN,36个食品储藏室设计桌垫套装,家居装饰
23308,SET OF 60 VINTAGE LEAF CAKE CASES,60个复古叶子蛋糕纸套装,派对用品
23273,HEART T-LIGHT HOLDER WILLIE WINKIE,心形茶烛台 Willie Winkie,家居装饰
23274,STAR T-LIGHT HOLDER WILLIE WINKIE,星星茶烛台 Willie Winkie,家居装饰
90025E,BAROQUE BUTTERFLY EARRINGS MONTANA,巴洛克蝴蝶耳环 Montana,其他
21373,MIRRORED WALL ART SNOWFLAKES,镜面墙艺雪花,家居装饰
16043,POP ART PUSH DOWN RUBBER,波普艺术按压式橡胶,其他
90102,WHITE FRANGIPANI HAIR CLIP,白色鸡蛋花发夹,其他
23240,SET OF 4 KNICK KNACK TINS DOILEY,4个小装饰罐套装 桌垫设计,收纳用品
23238,SET OF 4 KNICK KNACK TINS LONDON,4个小装饰罐套装 伦敦设计,收纳用品
20901,VINTAGE KEEPSAKE BOX PINK FLOWER,复古纪念盒 粉色花朵,收纳用品
84415A,PINK FLOCK SUEDE CUSHION COVER,粉色绒面麂皮靠垫套,家居装饰
23245,SET OF 3 REGENCY CAKE TINS,3个摄政时期蛋糕罐套装,厨房用品
23239,SET OF 4 KNICK KNACK TINS POPPIES,4个小装饰罐套装 罂粟花设计,收纳用品
23236,DOILEY STORAGE TIN,桌垫设计收纳罐,收纳用品
23235,STORAGE TIN VINTAGE LEAF,复古叶子收纳罐,收纳用品
23241,TREASURE TIN GYMKHANA DESIGN,宝藏罐 赛马会设计,收纳用品
23242,TREASURE TIN BUFFALO BILL,宝藏罐 野牛比尔设计,收纳用品
23247,BISCUIT TIN 50'S CHRISTMAS,50年代圣诞饼干罐,收纳用品
23244,ROUND STORAGE TIN VINTAGE LEAF,圆形复古叶子收纳罐,收纳用品
23237,SET OF 4 KNICK KNACK TINS LEAVES,4个小装饰罐套装 叶子设计,收纳用品
22950,36 DOILIES VINTAGE CHRISTMAS,36个复古圣诞桌垫,家居装饰
35966,FOLKART CHRISTMAS TREE T-LIGHT HOLD,民间艺术圣诞树茶烛台,家居装饰
23310,BUBBLEGUM RING ASSORTED,泡泡糖戒指混合装,其他
23321,SMALL WHITE HEART OF WICKER,白色小藤编心形饰品,装饰品
23220,REINDEER HEART DECORATION GOLD,金色驯鹿心形装饰,装饰品
23264,SET OF 3 WOODEN SLEIGH DECORATIONS,3个木质雪橇装饰套装,装饰品
23265,SET OF 3 WOODEN TREE DECORATIONS,3个木质树装饰套装,装饰品
23266,SET OF 3 WOODEN STOCKING DECORATION,3个木质袜子装饰套装,装饰品
84824,DANISH ROSE UMBRELLA STAND,丹麦玫瑰雨伞架,家居装饰
23269,SET OF 2 CERAMIC CHRISTMAS TREES,2个陶瓷圣诞树套装,装饰品
23268,SET OF 2 CERAMIC CHRISTMAS REINDEER,2个陶瓷圣诞驯鹿套装,装饰品
23252,VINTAGE RED ENAMEL TRIM JUG,复古红色珐琅边水壶,厨房用品
23322,LARGE WHITE HEART OF WICKER,白色大藤编心形饰品,装饰品
77079,DOLPHIN WINDMILL,海豚风车,装饰品
23286,BLUE VINTAGE SPOT BEAKER,蓝色复古圆点马克杯,厨房用品
23338,EGG FRYING PAN RED,红色煎蛋锅,厨房用品
23285,PINK VINTAGE SPOT BEAKER,粉色复古圆点马克杯,厨房用品
23288,GREEN VINTAGE SPOT BEAKER,绿色复古圆点马克杯,厨房用品
23343,JUMBO BAG VINTAGE CHRISTMAS,复古圣诞大号袋子,购物袋
90026A,GLASS BEAD HOOP NECKLACE BLACK,黑色玻璃珠 hoop 项链,其他
90036B,"FLOWER GLASS GARLAND NECKL.36""GREEN",36英寸绿色花朵玻璃花环项链,其他
90001B,ANTIQUE MID BLUE FLOWER EARRINGS,古董中蓝色花朵耳环,其他
23271,CHRISTMAS TABLE CANDLE SILVER SPIKE,圣诞餐桌蜡烛 银色尖刺,家居装饰
23335,EGG FRYING PAN IVORY,象牙色煎蛋锅,厨房用品
23339,EGG FRYING PAN BLUE,蓝色煎蛋锅,厨房用品
23336,EGG FRYING PAN PINK,粉色煎蛋锅,厨房用品
23337,EGG FRYING PAN MINT,薄荷色煎蛋锅,厨房用品
23292,SPACE BOY CHILDRENS CUP,太空男孩儿童杯,厨房用品
23291,DOLLY GIRL CHILDRENS CUP,洋娃娃女孩儿童杯,厨房用品
23289,DOLLY GIRL CHILDRENS BOWL,洋娃娃女孩儿童碗,厨房用品
23290,SPACEBOY CHILDRENS BOWL,太空男孩儿童碗,厨房用品
23287,RED VINTAGE SPOT BEAKER,红色复古圆点马克杯,厨房用品
23188,VINTAGE  2 METER FOLDING RULER,复古2米折叠尺,生活用品
23251,VINTAGE RED ENAMEL TRIM MUG,复古红色珐琅边马克杯,厨房用品
23249,VINTAGE RED ENAMEL TRIM PLATE,复古红色珐琅边盘子,厨房用品
23250,VINTAGE RED TRIM ENAMEL BOWL,复古红色珐琅边碗,厨房用品
23229,VINTAGE DONKEY TAIL GAME,复古驴尾巴游戏,其他
23234,BISCUIT TIN VINTAGE CHRISTMAS,复古圣诞饼干罐,收纳用品
23012,GLASS APOTHECARY BOTTLE PERFUME,玻璃药剂师瓶 香水瓶,家居装饰
23014,GLASS APOTHECARY BOTTLE ELIXIR,玻璃药剂师瓶 灵药瓶,家居装饰
23035,DRAWER KNOB CERAMIC IVORY,陶瓷象牙色抽屉拉手,家居装饰
84551,CROCHET DOG KEYRING,钩编狗狗钥匙扣,其他
23020,GLASS  SONGBIRD STORAGE JAR,玻璃鸣禽储物罐,收纳用品
23032,DRAWER KNOB CRACKLE GLAZE IVORY,裂纹釉陶瓷象牙色抽屉拉手,家居装饰
23028,DRAWER KNOB CRACKLE GLAZE BLUE,裂纹釉陶瓷蓝色抽屉拉手,家居装饰
23031,DRAWER KNOB CRACKLE GLAZE PINK,裂纹釉陶瓷粉色抽屉拉手,家居装饰
23029,DRAWER KNOB CRACKLE GLAZE GREEN,裂纹釉陶瓷绿色抽屉拉手,家居装饰
23033,DRAWER KNOB CERAMIC RED,陶瓷红色抽屉拉手,家居装饰
23034,DRAWER KNOB CERAMIC BLACK,陶瓷黑色抽屉拉手,家居装饰
23013,GLASS APOTHECARY BOTTLE TONIC,玻璃药剂师瓶 滋补剂瓶,家居装饰
16254,TRANSPARENT ACRYLIC TAPE DISPENSER,透明亚克力胶带座,办公用品
23344,JUMBO BAG 50'S CHRISTMAS,50年代圣诞大号袋子,购物袋
23022,SMALL BONNE JAM JAR  T-LIGHT HOLDER,小 Bonne Jam 罐茶烛台,家居装饰
23016,GLASS TWIST BON BON JAR,玻璃扭纹糖果罐,收纳用品
23026,DRAWER KNOB VINTAGE GLASS STAR,复古玻璃星星抽屉拉手,家居装饰
23119,PACK OF 6 LARGE FRUIT STRAWS,6支装大号水果吸管,派对用品
23015,CORDIAL GLASS JUG,果汁玻璃壶,厨房用品
23123,COCKTAIL SWORDS 50 PIECES,鸡尾酒剑签50支装,派对用品
23122,PARTY CHARMS 50 PIECES,派对装饰符50件套,派对用品
23120,PACK OF 6 SMALL FRUIT STRAWS,6支装小号水果吸管,派对用品
23121,PACK OF 6 COCKTAIL PARASOL STRAWS,6支装鸡尾酒伞装饰吸管,派对用品
23124,18PC WOODEN CUTLERY SET DISPOSABLE,18件套木质一次性餐具套装,派对用品
23125,6PC WOOD PLATE SET DISPOSABLE,6件套木质一次性盘子,派对用品
23039,T-LIGHT HOLDER SILVER HEART HANDLE,银色心形手柄小烛台,家居装饰
23021,GLASS BONNE JAM JAR,玻璃果酱罐,收纳用品
23023,RIDGED BONNE JAM JAR T-LIGHT HOLDER,波纹果酱罐小烛台,家居装饰
84679,CLASSICAL ROSE TABLE LAMP,古典玫瑰台灯,家居装饰
23019,SMALL APOTHECARY MEASURING JAR,小型药剂师量杯,厨房用品
23272,TREE T-LIGHT HOLDER WILLIE WINKIE,威利温基树形小烛台,家居装饰
23036,T-LIGHT HOLDER SILVER PETIT FOUR,银色小四烛台,家居装饰
23198,PANTRY MAGNETIC  SHOPPING LIST,储物间磁性购物清单,生活用品
23027,DRAWER KNOB VINTAGE GLASS HEXAGON,复古玻璃六边形抽屉拉手,家居装饰
23024,LARGE BONNE JAM JAR  T-LIGHT HOLDER,大号果酱罐小烛台,家居装饰
23223,CHRISTMAS TREE HANGING SILVER,银色圣诞树挂饰,装饰品
23222,CHRISTMAS TREE HANGING GOLD,金色圣诞树挂饰,装饰品
23197,SKETCHBOOK MAGNETIC SHOPPING LIST,素描本磁性购物清单,生活用品
23196,RETRO LEAVES MAGNETIC NOTEPAD,复古叶子磁性便签本,生活用品
23267,SET OF 4 SANTA PLACE SETTINGS,4件套圣诞老人餐具摆放套装,派对用品
23323,WHITE WICKER STAR,白色柳条星星,装饰品
23315,IVORY REFECTORY CLOCK,象牙色餐厅挂钟,家居装饰
23316,RED REFECTORY CLOCK,红色餐厅挂钟,家居装饰
23342,MINT DINER WALL CLOCK,薄荷色餐厅挂钟,家居装饰
23341,PINK DINER WALL CLOCK,粉色餐厅挂钟,家居装饰
23037,CANDLE HOLDER SILVER MADELINE,银色玛德琳烛台,家居装饰
90176D,DIAMANTE NECKLACE PURPLE,紫色水钻项链,装饰品
23317,BLUE REFECTORY CLOCK,蓝色餐厅挂钟,家居装饰
23017,APOTHECARY MEASURING JAR,药剂师量杯,厨房用品
23018,LARGE APOTHECARY MEASURING JAR,大号药剂师量杯,厨房用品
23025,DRAWER KNOB VINTAGE GLASS BALL,复古玻璃球形抽屉拉手,家居装饰
84746,PINK EASTER HENS+FLOWER,粉色复活节小鸡+花朵,装饰品
23318,BOX OF 6 MINI VINTAGE CRACKERS,6盒装迷你复古圣诞拉炮,派对用品
90025F,BAROQUE BUTTERFLY EARRINGS CRYSTAL,巴洛克水晶蝴蝶耳环,装饰品
81952B,ROUND BLUE CLOCK WITH SUCKER,蓝色圆形吸盘时钟,家居装饰
81952V,ROUND PURPLE CLOCK WITH SUCKER,紫色圆形吸盘时钟,家居装饰
81950B,FLOWER BLUE CLOCK WITH SUCKER,蓝色花朵吸盘时钟,家居装饰
23320,GIANT 50'S CHRISTMAS CRACKER,50年代风格巨型圣诞拉炮,派对用品
90011C,GREEN CRYSTAL DROP EARRINGS,绿色水晶吊坠耳环,装饰品
23319,BOX OF 6 MINI 50'S CRACKERS,6盒装迷你50年代风格拉炮,派对用品
90043,COPPER AND BRASS BAG CHARM,铜和黄铜包饰,装饰品
90049,IVORY GOLD METAL BAG CHARM,象牙色金色金属包饰,装饰品
90046,WHITE WITH METAL BAG CHARM,白色金属包饰,装饰品
90048,GREEN WITH METAL BAG CHARM,绿色金属包饰,装饰品
84706F,RED PEONY TABLE CLOCK,红色牡丹桌钟,家居装饰
44242A,LILAC FEATHERS CURTAIN,淡紫色羽毛窗帘,家居装饰
35645,VINTAGE BEAD PINK JEWEL BOX,复古粉色串珠首饰盒,收纳用品
23038,T-LIGHT HOLDER SILVER SAUCER,银色碟形小烛台,家居装饰
23313,VINTAGE CHRISTMAS BUNTING,复古圣诞彩旗,装饰品
23296,SET OF 6 TEA TIME BAKING CASES,6件套茶时光烘焙纸杯,厨房用品
23294,SET OF 6 SNACK LOAF BAKING CASES,6件套零食面包烘焙模具,厨房用品
23293,SET OF 12 FAIRY CAKE BAKING CASES,12件套仙女蛋糕烘焙纸杯,厨房用品
23295,SET OF 12 MINI LOAF BAKING CASES,12件套迷你面包烘焙模具,厨房用品
23297,SET 40 HEART SHAPE PETIT FOUR CASES,40件套心形小四模具,厨房用品
90067B,BROWN VINTAGE VICTORIAN EARRINGS,棕色复古维多利亚风格耳环,装饰品
84924F,PSYCHEDELIC METAL SIGN CALENDAR,迷幻金属标志日历,家居装饰
81953B,ROUND BLUE CLOCK WITH SUCKER,蓝色圆形吸盘时钟,家居装饰
81953P,ROUND ARTICULATED PINK CLOCK W/SUCK,圆形铰链粉色时钟带吸盘,家居装饰
35638B,PINK/BLUE STRING CURTAIN,粉色/蓝色串珠窗帘,家居装饰
23311,VINTAGE CHRISTMAS STOCKING,复古圣诞袜,装饰品
23314,VINTAGE CHRISTMAS TABLECLOTH,复古圣诞桌布,家居装饰
90126C,AMBER BERTIE MOBILE PHONE CHARM,琥珀色贝蒂手机挂饰,装饰品
90127A,PINK BEADS+HAND PHONE CHARM,粉色串珠+手机挂饰,装饰品
23312,VINTAGE CHRISTMAS GIFT SACK,复古圣诞礼品袋,购物袋
90030A,SPOTTED WHITE NATURAL SEED NECKLACE,斑点白色天然种子项链,装饰品
90141E,ORANGE PENDANT TRIPLE SHELL NECKLAC,橙色吊坠三层贝壳项链,装饰品
23218,LAUREL STAR ANTIQUE GOLD,月桂星复古金色,装饰品
37491B,BLUE/YELLOW CERAMIC CANDLE HOLDER,蓝/黄色陶瓷烛台,家居装饰
37491C,GREEN/BLUE CERAMIC CANDLE HOLDER,绿/蓝色陶瓷烛台,家居装饰
90182A,AMBER 3 BEAD DROP EARRINGS,琥珀色三珠吊坠耳环,装饰品
84402B,PURPLE DRESS JEWELLERY STAND,紫色首饰展示架,收纳用品
23549,WRAP BIRD GARDEN,花园鸟类包装纸,派对用品
23546,WRAP PAISLEY PARK,佩斯利公园包装纸,派对用品
16162M,THE KING GIFT BAG 25x24x12cm,国王礼品袋 25x24x12厘米,购物袋
84857B,BLUE MONTE CARLO HANDBAG,蓝色蒙特卡洛手提包,生活用品
84732D,CUTE RABBIT CEATURE SCREEN,可爱兔子装饰屏风,家居装饰
84732B,CUTE BIRD CEATURE SCREEN,可爱小鸟装饰屏风,家居装饰
23545,WRAP RED DOILEY,红色花边包装纸,派对用品
23547,WRAP FLOWER SHOP,花店包装纸,派对用品
23548,WRAP MAGIC FOREST,魔法森林包装纸,派对用品
90130A,WHITE STONE/CRYSTAL EARRINGS,白色石头/水晶耳环,装饰品
84387A,BIRD ON BRANCH CANVAS SCREEN,树枝上的小鸟帆布屏风,家居装饰
16169E,WRAP 50'S  CHRISTMAS,50年代圣诞包装纸,派对用品
23346,SPACEBOY BEAKER,太空男孩烧杯,厨房用品
23345,DOLLY GIRL BEAKER,娃娃女孩烧杯,厨房用品
23347,I LOVE LONDON BEAKER,我爱伦敦烧杯,厨房用品
84984D,ORIENTAL RED CUSHION COVER,东方红色靠垫套,家居装饰
79336,LIGHT PINK FLOCK GLASS CANDLEHOLDER,浅粉色绒面玻璃烛台,家居装饰
23340,VINTAGE CHRISTMAS CAKE FRILL,复古圣诞蛋糕褶边,派对用品
35650,VINTAGE BEAD PINK JEWEL STAND,复古粉色串珠首饰架,收纳用品
23360,SET 8 CANDLES VINTAGE DOILEY,8只装复古花边蜡烛,家居装饰
23359,SET OF 12 T-LIGHTS VINTAGE DOILEY,12只装复古花边小夜灯,家居装饰
23373,VINTAGE CHRISTMAS PAPER GIFT BAG,复古圣诞纸质礼品袋,购物袋
23436,GIFT BAG LARGE VINTAGE CHRISTMAS,大号复古圣诞礼品袋,购物袋
23353,6 GIFT TAGS VINTAGE CHRISTMAS,6只装复古圣诞礼品标签,派对用品
23354,6 GIFT TAGS 50'S CHRISTMAS,6只装50年代圣诞礼品标签,派对用品
23374,RED SPOT PAPER GIFT BAG,红点纸质礼品袋,购物袋
23438,RED SPOT GIFT BAG LARGE,大号红点礼品袋,购物袋
23189,SET OF 12 FORK CANDLES,12只装叉形蜡烛,家居装饰
84963B,BLUE PAINTED KASHMIRI CHAIR,蓝色彩绘克什米尔椅子,家居装饰
23349,ROLL WRAP VINTAGE CHRISTMAS,复古圣诞卷装包装纸,派对用品
23350,ROLL WRAP VINTAGE SPOT,复古斑点卷装包装纸,派对用品
23352,ROLL WRAP 50'S RED CHRISTMAS,50年代红色圣诞卷装包装纸,派对用品
23351,ROLL WRAP 50'S CHRISTMAS,50年代圣诞卷装包装纸,派对用品
23324,RUSTIC STRAWBERRY JAMPOT LARGE,乡村风格草莓果酱罐大号,厨房用品
23332,IVORY WICKER HEART LARGE,象牙色柳条心形大号,装饰品
23329,DECORATIVE WICKER HEART LARGE,装饰性柳条心形大号,装饰品
23330,DECORATIVE WICKER HEART MEDIUM,装饰性柳条心形中号,装饰品
23334,IVORY WICKER HEART SMALL,象牙色柳条心形小号,装饰品
23333,IVORY WICKER HEART MEDIUM,象牙色柳条心形中号,装饰品
23328,SET 6 SCHOOL MILK BOTTLES IN CRATE,6只装学校牛奶瓶带板条箱,厨房用品
23331,DECORATIVE WICKER HEART SMALL,装饰性柳条心形小号,装饰品
23327,HANGING CLEAR MINI BOTTLE,悬挂式透明迷你瓶子,装饰品
23326,HANGING MINI COLOURED BOTTLES,悬挂式彩色迷你瓶子,装饰品
23325,RUSTIC STRAWBERRY JAMPOT SMALL,乡村风格草莓果酱罐小号,厨房用品
35816P,"ACRYLIC JEWEL ANGEL,PINK","亚克力珠宝天使,粉色",装饰品
90052,CRACKED GLAZE NECKLACE BROWN,裂纹釉棕色项链,装饰品
35597D,PINK/WHITE CHRISTMAS TREE 30CM,粉色/白色圣诞树 30厘米,装饰品
35818B,"ACRYLIC JEWEL ICICLE, BLUE",亚克力宝石冰柱挂饰，蓝色,装饰品
23357,HOT WATER BOTTLE SEX BOMB,性感炸弹热水袋,生活用品
23358,HOT STUFF HOT WATER BOTTLE,热辣热水袋,生活用品
23375,50'S CHRISTMAS PAPER GIFT BAG,50年代圣诞纸质礼物袋,购物袋
23356,LOVE HOT WATER BOTTLE,爱心热水袋,生活用品
84206A,3 BLACK CATS W HEARTS BLANK CARD,3只黑猫与爱心空白卡片,派对用品
84201B,HAPPY BIRTHDAY CARD STRIPEY TEDDY,生日快乐卡片 条纹泰迪熊,派对用品
23355,HOT WATER BOTTLE KEEP CALM,保持冷静热水袋,生活用品
90176E,DIAMANTE NECKLACE GREEN,钻石项链 绿色,装饰品
23437,50'S CHRISTMAS GIFT BAG LARGE,50年代圣诞礼物袋 大号,购物袋
23445,ICE CREAM BUBBLES,冰淇淋泡泡,其他
23439,HAND WARMER RED LOVE HEART,暖手宝 红色爱心,生活用品
23431,NATURAL HANGING QUILTED HEARTS,自然风格挂式绗缝爱心,家居装饰
23433,HANGING QUILTED PATCHWORK APPLES,挂式拼布贴花苹果,家居装饰
84201C,HAPPY BIRTHDAY CARD TEDDY/CAKE,生日快乐卡片 泰迪熊/蛋糕,派对用品
90020,FILIGREE DIAMANTE CHAIN,金银丝钻石链条,装饰品
23432,PRETTY HANGING QUILTED HEARTS,精美挂式绗缝爱心,家居装饰
23376,PACK OF 12 VINTAGE CHRISTMAS TISSUE,12包装复古圣诞纸巾,生活用品
23378,PACK OF 12 50'S CHRISTMAS TISSUES,12包装50年代圣诞纸巾,生活用品
23551,PACK OF 12 PAISLEY PARK TISSUES,12包装佩斯利公园纸巾,生活用品
23634,SET 10 CARDS XMAS CHOIR 17068,10张装圣诞合唱团卡片 17068,派对用品
23396,BUTTERFLY CUSHION COVER,蝴蝶靠垫套,家居装饰
23395,BELLE JARDINIERE CUSHION COVER,美丽园丁靠垫套,家居装饰
23407,SET OF 2 TRAYS HOME SWEET HOME,2件装甜蜜之家托盘,厨房用品
23393,HOME SWEET HOME CUSHION COVER,甜蜜之家靠垫套,家居装饰
23427,STOOL HOME SWEET HOME,甜蜜之家凳子,家居装饰
23397,FOOT STOOL HOME SWEET HOME,甜蜜之家脚凳,家居装饰
23377,PACK OF 12 DOLLY GIRL TISSUES,12包装洋娃娃女孩纸巾,生活用品
23399,HOME SWEET HOME HANGING HEART,甜蜜之家挂式爱心,家居装饰
23411,TRELLIS COAT RACK,格子衣帽架,家居装饰
23398,HANGING HEART BONHEUR,挂式爱心幸福装饰,家居装饰
23425,STORAGE TIN HOME SWEET HOME,甜蜜之家收纳罐,收纳用品
23414,ZINC BOX SIGN HOME,锌盒标志 家,家居装饰
23424,GINGHAM RECIPE BOOK BOX,格子食谱书盒,厨房用品
23404,HOME SWEET HOME BLACKBOARD,甜蜜之家黑板,家居装饰
23406,HOME SWEET HOME KEY HOLDER,甜蜜之家钥匙架,家居装饰
23405,HOME SWEET HOME 2 DRAWER CABINET,甜蜜之家2抽屉柜,收纳用品
23379,PACK OF 12 RED APPLE TISSUES,12包装红苹果纸巾,生活用品
23381,PACK OF 12 VINTAGE LEAF TISSUES,12包装复古叶子纸巾,生活用品
23380,PACK OF 12 VINTAGE DOILY TISSUES,12包装复古蕾丝纸巾,生活用品
23402,HOME SWEEET HOME 3 PEG HANGER,甜蜜之家3挂钩衣架,家居装饰
23403,LETTER HOLDER HOME SWEET HOME,甜蜜之家信件架,收纳用品
23426,METAL SIGN DROP YOUR PANTS,金属标志 脱下裤子,装饰品
23412,HEART MIRROR ANTIQUE WHITE,爱心镜子 仿古白色,家居装饰
23392,SPACEBOY ROCKET LOLLY MAKERS,太空男孩火箭棒棒糖模具,厨房用品
23400,SHELF WITH 4 HOOKS HOME SWEET HOME,甜蜜之家带4钩架子,家居装饰
23614,SET 10 CARDS 12 DAYS WRAP  17058,10张装12天包装卡片 17058,派对用品
23637,SET 10 CARDS OUT OF ORDER 17216,10张装故障卡片 17216,派对用品
23415,HOME SWEET HOME HOOK,甜蜜之家挂钩,家居装饰
23417,BATHROOM HOOK,浴室挂钩,家居装饰
23409,PHOTO FRAME LINEN AND LACE LARGE,亚麻蕾丝相框 大号,家居装饰
23640,SET 10 CARDS SCOTTIE DOG 17211,10张装苏格兰狗卡片 17211,派对用品
23408,PHOTO FRAME LINEN AND LACE SMALL,亚麻蕾丝相框 小号,家居装饰
23401,RUSTIC MIRROR WITH LACE HEART,乡村风格带蕾丝爱心镜子,家居装饰
23422,PANTRY HOOK BALLOON WHISK,食品储藏室挂钩 打蛋器,厨房用品
23613,SET 10 XMAS CARDS & BADGES 17070,10张圣诞卡片和徽章套装 17070,派对用品
23646,SET 10 CARDS JINGLE BELLS 16957,10张装铃儿响叮当卡片 16957,派对用品
23410,CURIO CABINET LINEN AND LACE,亚麻蕾丝古董柜,收纳用品
23559,WOODLAND BUNNIES LOLLY MAKERS,林地小兔棒棒糖模具,厨房用品
23423,PANTRY 3 HOOK ROLLING PIN HANGER,食品储藏室3钩擀面杖架,厨房用品
23421,PANTRY HOOK SPATULA,食品储藏室挂钩 铲子,厨房用品
23435,3 RAFFIA RIBBONS VINTAGE CHRISTMAS,3条复古圣诞拉菲草丝带,装饰品
23418,LAVENDER TOILETTE BOTTLE,薰衣草香水瓶,生活用品
23419,HOME SWEET HOME BOTTLE,甜蜜之家瓶子,家居装饰
23434,3 RAFFIA RIBBONS 50'S CHRISTMAS,3条50年代圣诞拉菲草丝带,装饰品
23391,I LOVE LONDON MINI BACKPACK,我爱伦敦迷你背包,生活用品
23390,DOLLY GIRL MINI BACKPACK,洋娃娃女孩迷你背包,生活用品
23389,SPACEBOY MINI BACKPACK,太空男孩迷你背包,生活用品
23074,EMBOSSED HEART TRINKET BOX,浮雕爱心首饰盒,收纳用品
23388,WOODLAND MINI BACKPACK,林地迷你背包,生活用品
23416,CHAMBRE HOOK,卧室挂钩,家居装饰
23611,SET 10 CARDS RED RIDING HOOD 17214,10张装小红帽卡片 17214,派对用品
23607,SET 10 CARDS HATS & STOCKINGS 17081,10张装帽子和长袜卡片 17081,派对用品
23058,CHRISTMAS HANGING SNOWFLAKE,圣诞挂式雪花,装饰品
23420,PANTRY HOOK TEA STRAINER,食品储藏室挂钩茶滤网,厨房用品
23625,SET 6 CARDS SPARKLY REINDEER 17262,6张闪亮驯鹿卡片套装 17262,派对用品
23639,SET 10 CARDS MAGICAL TREE 17086,10张魔法树卡片套装 17086,派对用品
23113,PANTRY CHOPPING BOARD,食品储藏室切菜板,厨房用品
35819P,"ACRYLIC HANGING JEWEL,PINK",亚克力悬挂珠宝，粉色,装饰品
84805B,BLUE CLIMBING HYDRANGA ART FLOWER,蓝色攀爬绣球花艺术花,家居装饰
23629,SET 10 CARDS DRESSING UP 17077,10张装扮卡片套装 17077,派对用品
23630,SET 10 CARDS HANGING BAUBLES 17080,10张悬挂彩球卡片套装 17080,派对用品
23503,PLAYING CARDS KEEP CALM & CARRY ON,保持冷静扑克牌,派对用品
23366,SET 12 COLOURING PENCILS DOILY,12色蕾丝彩色铅笔套装,手工用品
23367,SET 12 COLOUR PENCILS SPACEBOY,12色太空男孩彩色铅笔套装,手工用品
23504,PLAYING CARDS JUBILEE UNION JACK,禧年联合杰克扑克牌,派对用品
23371,SET 36 COLOUR PENCILS SPACEBOY,36色太空男孩彩色铅笔套装,手工用品
23506,MINI PLAYING CARDS SPACEBOY,太空男孩迷你扑克牌,派对用品
23502,PLAYING CARDS VINTAGE DOILEY,复古蕾丝扑克牌,派对用品
23370,SET 36 COLOUR PENCILS DOILEY,36色蕾丝彩色铅笔套装,手工用品
23493,VINTAGE DOILY TRAVEL SEWING KIT,复古蕾丝旅行缝纫套件,手工用品
23365,SET 12 COLOUR PENCILS LOVE LONDON,12色我爱伦敦彩色铅笔套装,手工用品
23369,SET 36 COLOUR PENCILS LOVE LONDON,36色我爱伦敦彩色铅笔套装,手工用品
23520,EMBROIDERED RIBBON REEL RUBY,刺绣丝带卷轴 红宝石,手工用品
23511,EMBROIDERED RIBBON REEL EMILY,刺绣丝带卷轴 艾米丽,手工用品
23517,EMBROIDERED RIBBON REEL REBECCA,刺绣丝带卷轴 丽贝卡,手工用品
23368,SET 12 COLOUR PENCILS DOLLY GIRL,12色洋娃娃女孩彩色铅笔套装,手工用品
23505,PLAYING CARDS I LOVE LONDON,我爱伦敦扑克牌,派对用品
23372,SET 36 COLOUR PENCILS DOLLY GIRL,36色洋娃娃女孩彩色铅笔套装,手工用品
23512,EMBROIDERED RIBBON REEL ROSIE,刺绣丝带卷轴 罗茜,手工用品
23515,EMBROIDERED RIBBON REEL DAISY,刺绣丝带卷轴 黛西,手工用品
23514,EMBROIDERED RIBBON REEL SALLY,刺绣丝带卷轴 莎莉,手工用品
23518,EMBROIDERED RIBBON REEL RACHEL,刺绣丝带卷轴 瑞秋,手工用品
23510,MINI PLAYING CARDS GYMKHANA,赛马会迷你扑克牌,派对用品
23508,MINI PLAYING CARDS DOLLY GIRL,洋娃娃女孩迷你扑克牌,派对用品
23509,MINI PLAYING CARDS FUN FAIR,游乐场迷你扑克牌,派对用品
23507,MINI PLAYING CARDS BUFFALO BILL,水牛比尔迷你扑克牌,派对用品
23513,EMBROIDERED RIBBON REEL SUSIE,刺绣丝带卷轴 苏西,手工用品
23624,SET 10 CARD PERFECT NATIVITY 17089,10张完美耶稣诞生卡片套装 17089,派对用品
20935,ROUND CACTUS CANDLE,圆形仙人掌蜡烛,家居装饰
20678,LARGE BLACK DIAMANTE HAIRSLIDE,大号黑色水钻发夹,装饰品
23610,SET 10 CARDS CHRISTMAS ROBIN 17095,10张圣诞知更鸟卡片套装 17095,派对用品
23601,SET 10 CARDS SNOWY SNOWDROPS  17100,10张雪中雪花莲卡片套装 17100,派对用品
23632,SET 10 CARDS CHEERFUL ROBIN 17065,10张欢乐知更鸟卡片套装 17065,派对用品
23516,EMBROIDERED RIBBON REEL SOPHIE,刺绣丝带卷轴 索菲,手工用品
23519,EMBROIDERED RIBBON REEL CLAIRE,刺绣丝带卷轴 克莱尔,手工用品
23494,VINTAGE DOILY DELUXE SEWING KIT,复古蕾丝豪华缝纫套件,手工用品
23638,SET 10 CARDS ROBIN WATERPUMP  17096,10张知更鸟水泵卡片套装 17096,派对用品
23650,SET 10 CARDS FILIGREE BAUBLE 16961,10张花丝彩球卡片套装 16961,派对用品
79051A,SMOKEY GREY COLOUR GLASS,烟灰色彩色玻璃,装饰品
23461,SWEETHEART BIRD HOUSE,甜心鸟屋,家居装饰
23466,TUSCAN VILLA DOVECOTE,托斯卡纳别墅鸽舍,家居装饰
23469,CARD HOLDER LOVE BIRD SMALL,爱心小鸟小号卡片夹,收纳用品
23484,HEART TRELLISTRIPLE T-LIGHT HOLDER,心形格子三重茶烛架,家居装饰
23114,VINTAGE LEAF CHOPPING BOARD,复古叶子切菜板,厨房用品
23117,POPPY FIELDS CHOPPING BOARD,罂粟花田切菜板,厨房用品
23115,RED APPLES CHOPPING BOARD,红苹果切菜板,厨房用品
23471,SIX DRAWER OFFICE TIDY,六层办公收纳盒,收纳用品
23116,VEGETABLE GARDEN CHOPPING BOARD,蔬菜园切菜板,厨房用品
23644,SET 10 CARDS CHRISTMAS TREE 16955,10张圣诞树卡片套装 16955,派对用品
23472,NINE DRAWER OFFICE TIDY,九层办公收纳盒,收纳用品
23470,CARD HOLDER LOVE BIRD LARGE,爱心小鸟大号卡片夹,收纳用品
23524,HORSE & PONY WALL ART,马与小马墙面艺术,家居装饰
23535,BICYCLE SAFTEY WALL ART,自行车安全墙面艺术,家居装饰
23534,STOP FOR TEA WALL ART,停下来喝茶墙面艺术,家居装饰
23541,WALL ART CLASSIC PUDDINGS,经典布丁墙面艺术,家居装饰
23525,BUFFALO BILL WALL ART,水牛比尔墙面艺术,家居装饰
23532,WALL ART WORK REST AND PLAY,工作休息与娱乐墙面艺术,家居装饰
23539,WALL ART LOVES' SECRET,爱的秘密墙面艺术,家居装饰
23522,DOG AND BALL WALL ART,狗和球墙饰,家居装饰
23526,DOG LICENCE WALL ART,狗证墙饰,家居装饰
23533,WALL ART GARDEN HAVEN,花园天堂墙饰,家居装饰
23542,70'S ALPHABET WALL ART,70年代字母墙饰,家居装饰
23528,SPACEBOY WALL ART,太空男孩墙饰,家居装饰
23543,KEEP CALM WALL ART,保持冷静墙饰,家居装饰
23530,WALL ART ONLY ONE PERSON,唯一之人墙饰,家居装饰
23538,WALL ART VINTAGE HEART,复古心形墙饰,家居装饰
23521,CAT AND BIRD WALL ART,猫和鸟墙饰,家居装饰
23523,TREASURE AHOY WALL ART,宝藏来了墙饰,家居装饰
23531,WALL ART BIG LOVE,大爱墙饰,家居装饰
23527,ANIMALS AND NATURE WALL ART,动物与自然墙饰,家居装饰
23483,HANGING  BUTTERFLY T-LIGHT HOLDER,悬挂蝴蝶茶烛台,装饰品
23529,DOLLY GIRL WALL ART,洋娃娃女孩墙饰,家居装饰
23536,VILLAGE SHOW WALL ART,乡村展览墙饰,家居装饰
23544,WALL ART MID CENTURY MODERN,中世纪现代墙饰,家居装饰
23540,WALL ART THE MAGIC FOREST,魔法森林墙饰,家居装饰
23537,I LOVE LONDON WALL ART,我爱伦敦墙饰,家居装饰
23604,SET 10 MINI SANTA & SNOWMAN  17087,套装10个迷你圣诞老人和雪人 17087,装饰品
23626,SET 10 CARDS DINKY TREE 17076,套装10张卡片小树 17076,派对用品
23500,KEY RING BASEBALL BOOT ASSORTED,棒球靴钥匙扣混装,生活用品
23501,KEY RING BASEBALL BOOT UNION JACK,棒球靴钥匙扣英国国旗,生活用品
23605,SET 10 CARDS 12 DAYS OF XMAS 17059,套装10张卡片圣诞十二天 17059,派对用品
23619,SET 10 CARDS POINSETTIA 17093,套装10张卡片一品红 17093,派对用品
23635,SET 10 CARDS CHRISTMAS HOLLY  17259,套装10张卡片圣诞冬青 17259,派对用品
23612,SET 10 MINICARDS CUTE SNOWMAN 17071,套装10张迷你卡片可爱雪人 17071,派对用品
23468,TUSCAN VILLA BIRD TABLE,托斯卡纳别墅鸟桌,家居装饰
79157V,UBO-LIGHT TRIOBASE PURPLE,UBO-LIGHT TRIOBASE紫色,生活用品
90189A,SILVER 2 STRAND NECKLACE-LEAF CHARM,银色双串项链-叶子吊坠,装饰品
23448,CREAM BUNNY EASTER EGG BASKET,奶油色兔子复活节彩蛋篮,派对用品
23447,PINK BUNNY EASTER EGG BASKET,粉色兔子复活节彩蛋篮,派对用品
23446,BLUE BUNNY EASTER EGG BASKET,蓝色兔子复活节彩蛋篮,派对用品
90065B,BLACK VINT ART DEC CRYSTAL BRACELET,黑色复古装饰艺术水晶手链,装饰品
23382,BOX OF 6 CHRISTMAS CAKE DECORATIONS,盒装6个圣诞蛋糕装饰,派对用品
23660,HENRIETTA HEN MUG,亨丽埃塔母鸡马克杯,厨房用品
23661,MILK MAIDS MUG,挤奶女工马克杯,厨房用品
23564,EGG CUP MILKMAID INGRID,挤奶女工英格丽德蛋杯,厨房用品
23567,EGG CUP HENRIETTA HEN PINK,粉色亨丽埃塔母鸡蛋杯,厨房用品
23487,SWEET HEART CAKE CARRIER,甜心蛋糕架,厨房用品
23490,T-LIGHT HOLDER HANGING LOVE BIRD,茶烛台悬挂爱情鸟,装饰品
23453,OVAL  MINI PORTRAIT FRAME,椭圆形迷你肖像框,家居装饰
23452,HEART MINI PORTRAIT FRAME,心形迷你肖像框,家居装饰
23451,SQUARE MINI PORTRAIT FRAME,方形迷你肖像框,家居装饰
23482,PEARLISED IVORY HEART LARGE,珠光象牙色大心形,装饰品
23603,SET 10 CARD KRAFT REINDEER 17084,套装10张卡片牛皮纸驯鹿 17084,派对用品
23459,DOLLY CABINET 2 DRAWERS,洋娃娃两抽屉柜,收纳用品
23565,EGG CUP MILKMAID HELGA,挤奶女工海尔加蛋杯,厨房用品
23456,MEDIUM PARLOUR PICTURE FRAME,中型客厅画框,家居装饰
23463,VINTAGE ZINC WATERING CAN,复古锌制浇水壶,生活用品
23464,VINTAGE ZINC WATERING CAN SMALL,复古锌制小浇水壶,生活用品
23457,LARGE PARLOUR PICTURE FRAME,大型客厅相框,家居装饰
23455,SMALL PARLOUR PICTURE FRAME,小型客厅相框,家居装饰
23568,EGG CUP HENRIETTA HEN CREAM,亨丽埃塔母鸡蛋杯奶油色,厨房用品
23566,EGG CUP MILKMAID HEIDI,挤奶女工海蒂蛋杯,厨房用品
23467,VINTAGE ZINC PLANTER,复古锌制花盆,家居装饰
23479,WIRE EGG BASKET,铁丝鸡蛋篮,厨房用品
23481,PEARLISED IVORY HEART SMALL,珍珠光泽象牙色小心形,装饰品
23458,DOLLY CABINET 3 DRAWERS,三抽屉娃娃柜,收纳用品
23579,SNACK TRAY I LOVE LONDON,我爱伦敦零食托盘,厨房用品
23558,LANDMARK FRAME LONDON BRIDGE,伦敦大桥地标相框,家居装饰
23556,LANDMARK FRAME COVENT GARDEN,科文特花园地标相框,家居装饰
23554,LANDMARK FRAME OXFORD STREET,牛津街地标相框,家居装饰
23557,LANDMARK FRAME BAKER STREET,贝克街地标相框,家居装饰
23555,LANDMARK FRAME NOTTING HILL,诺丁山地标相框,家居装饰
23480,MINI LIGHTS WOODLAND MUSHROOMS,林地蘑菇迷你灯,家居装饰
23553,LANDMARK FRAME CAMDEN TOWN,卡姆登镇地标相框,家居装饰
23489,"GARLAND, VINTAGE BELLS",复古铃铛花环,装饰品
23491,VINTAGE JINGLE BELLS HEART,复古铃铛心形装饰,装饰品
23492,VINTAGE JINGLE BELLS WREATH,复古铃铛花环装饰,装饰品
23477,WOODLAND LARGE BLUE FELT HEART,林地大型蓝色毛毡心形,装饰品
23478,WOODLAND LARGE PINK FELT HEART,林地大型粉色毛毡心形,装饰品
23476,WOODLAND LARGE RED FELT HEART,林地大型红色毛毡心形,装饰品
23486,ANTIQUE HEART SHELF UNIT,古董心形架子单元,收纳用品
23473,WOODLAND SMALL RED FELT HEART,林地小型红色毛毡心形,装饰品
23460,SWEETHEART WALL TIDY,甜心墙挂收纳,收纳用品
23462,ROCOCO WALL MIRROR WHITE,白色洛可可墙镜,家居装饰
23499,SET 12 VINTAGE DOILY CHALK,12件套复古蕾丝纸粉笔,手工用品
23485,BOTANICAL GARDENS WALL CLOCK,植物园挂钟,家居装饰
23570,TRADITIONAL PICK UP STICKS GAME,传统挑棍游戏,生活用品
23454,SET OF 3 MINI HANGING PORTRAITS,3件套迷你悬挂肖像画,家居装饰
23571,TRADITIONAL NAUGHTS & CROSSES,传统井字游戏,生活用品
23569,TRADTIONAL ALPHABET STAMP SET,传统字母印章套装,手工用品
23305,SET 4 PICNIC CUTLERY BLUEBERRY,4件套蓝莓野餐餐具,厨房用品
23474,WOODLAND SMALL BLUE FELT HEART,林地小型蓝色毛毡心形,装饰品
23636,SET 10 CARDS WISHING TREE 17116,10张许愿树卡片套装17116,生活用品
23582,VINTAGE DOILY JUMBO BAG RED,复古蕾丝纸大号袋红色,购物袋
23583,LUNCH BAG PAISLEY PARK,佩斯利公园午餐袋,购物袋
23581,JUMBO BAG PAISLEY PARK,佩斯利公园大号袋,购物袋
79157B,UBO-LIGHT TRIOBASE BLUE,UBO灯三脚底座蓝色,家居装饰
23303,SET 4 PICNIC CUTLERY FONDANT,4件套方旦糖野餐餐具,厨房用品
23475,WOODLAND SMALL PINK FELT HEART,林地小型粉色毛毡心形,装饰品
23615,SET 10 CARDS PRINTED GRAPHIC 17219,10张印刷图形卡片套装17219,生活用品
23645,SET 10 CHRISTMAS CARDS HOHOHO 16956,10张圣诞卡片HOHOHO套装16956,派对用品
23654,SET 10 CARD SNOWMAN 16965,10张雪人卡片套装16965,派对用品
23497,CLASSIC CHROME BICYCLE BELL,经典铬合金自行车铃,生活用品
23304,SET 4 PICNIC CUTLERY CHERRY,4件套樱桃野餐餐具,厨房用品
23495,SET OF 3 PANTRY WOODEN SPOONS,3件套食品储藏室木勺,厨房用品
23496,PANTRY KITCHEN THERMOMETER,食品储藏室厨房温度计,厨房用品
23628,SET 10 CARDS TRIANGLE ICONS  17220,10张三角形图标卡片套装17220,生活用品
23633,SET 10 CARDS WORLD CHILDREN 17067,10张世界儿童卡片套装17067,生活用品
23643,SET 10 CARDS CHRISTMAS BAUBLE 16954,10张圣诞装饰球卡片套装16954,派对用品
47016,LIGHT DECORATION BATTERY OPERATED,电池供电灯光装饰,装饰品
23691,KEEP CALM BIRTHDAY WRAP,保持冷静生日包装纸,派对用品
90069,RUBY GLASS CLUSTER NECKLACE,红宝石玻璃串珠项链,装饰品
23608,SET 10 CARDS RUDOLPHS NOSE 17097,鲁道夫红鼻子贺卡套装10张,派对用品
23681,LUNCH BAG RED VINTAGE DOILY,红色复古蕾丝午餐袋,生活用品
72783,BLACK SIL'T SQU CANDLE PLATE,黑色丝质方形蜡烛盘,家居装饰
90162A,ANT SILVER TURQUOISE BOUDICCA RING,复古银绿松石布迪卡戒指,装饰品
79161A,ST GEORGE SET OF 10 PARTY LIGHTS,圣乔治派对灯串套装10个,派对用品
23692,WRAP A PRETTY THANK YOU,精美感谢你包装纸,派对用品
23695,DOILY THANK YOU CARD,蕾丝感谢卡,派对用品
23697,A PRETTY THANK YOU CARD,精美感谢卡,派对用品
23616,SET 10 CARDS JINGLE BELLS 17217,铃铛贺卡套装10张,派对用品
23598,PAPER BUNTING VINTAGE PARTY,复古派对纸质彩旗,派对用品
23597,PAPER BUNTING PAISLEY PARK,佩斯利公园纸质彩旗,派对用品
23621,SET 10 CARDS DAVID'S MADONNA 17074,大卫的麦当娜贺卡套装10张,派对用品
23627,SET 10 CARDS XMAS GRAPHIC  17218,圣诞图形贺卡套装10张,派对用品
23602,SET 10 CARDS 3 WISE MEN 17107,三智者贺卡套装10张,派对用品
23664,FLOWER SHOP DESIGN MUG,花店设计马克杯,厨房用品
17191A,ROSE FLOWER CANDLE+INCENSE 16X16CM,玫瑰花朵蜡烛+香薰16x16厘米,家居装饰
35598C,WHITE CHRISTMAS TREE 60CM,白色圣诞树60厘米,装饰品
23694,PAISLEY PARK CARD,佩斯利公园贺卡,派对用品
23649,SET 10 CARDS DECK THE HALLS 16960,装饰大厅贺卡套装10张,派对用品
23442,12 HANGING EGGS HAND PAINTED,手绘悬挂彩蛋12个,装饰品
23449,SET OF 6 EASTER RAINBOW CHICKS,复活节彩虹小鸡套装6个,装饰品
35598A,DUSTY PINK CHRISTMAS TREE 60CM,灰粉色圣诞树60厘米,装饰品
23428,IVORY RETRO KITCHEN WALL CLOCK,象牙白复古厨房挂钟,家居装饰
23652,SET 10 CARD CHRISTMAS STAMPS 16963,圣诞邮票贺卡套装10张,派对用品
84206B,CAT WITH SUNGLASSES BLANK CARD,戴太阳镜猫咪空白贺卡,派对用品
23430,BLUE RETRO KITCHEN WALL CLOCK,蓝色复古厨房挂钟,家居装饰
23429,RED RETRO KITCHEN WALL CLOCK,红色复古厨房挂钟,家居装饰
90179B,PURPLE FINE BEAD NECKLACE W TASSEL,紫色细珠流苏项链,装饰品
23441,HAND PAINTED HANGING EASTER EGG,手绘悬挂复活节彩蛋,装饰品
23440,PAINT YOUR OWN EGGS IN CRATE,板条箱内可自行绘制彩蛋,手工用品
23552,BICYCLE PUNCTURE REPAIR KIT,自行车补胎工具包,生活用品
23498,CLASSIC BICYCLE CLIPS,经典自行车夹,生活用品
84550,CROCHET LILAC/RED BEAR KEYRING,钩针紫红色/红色小熊钥匙扣,生活用品
84971L,LARGE HEART FLOWERS HOOK,大号心形花朵挂钩,家居装饰
23578,SNACK TRAY RED GINGHAM,红色格子零食托盘,厨房用品
23580,SNACK TRAY HAPPY FOREST,快乐森林零食托盘,厨房用品
23575,SNACK TRAY PAISLEY PARK,佩斯利公园零食托盘,厨房用品
23560,SET OF 6 RIBBONS COUNTRY STYLE,乡村风格丝带套装6条,手工用品
23576,SNACK TRAY RED VINTAGE DOILY,红色复古蕾丝零食托盘,厨房用品
23562,SET OF 6 RIBBONS PERFECTLY PRETTY,完美精致丝带套装6条,手工用品
23561,SET OF 6 RIBBONS PARTY,派对丝带套装6条,手工用品
23609,SET 10 CARDS SNOWY ROBIN 17099,雪中知更鸟贺卡套装10张,派对用品
23617,SET 10 CARDS SWIRLY XMAS TREE 17104,漩涡圣诞树贺卡套装10张,派对用品
90214U,"LETTER ""U"" BLING KEY RING",字母U闪亮钥匙扣,装饰品
23843,"PAPER CRAFT , LITTLE BIRDIE",纸艺小鸟,手工用品
